Kepler_ID,period,transit_depth,transit_duration,flux_std
757450,20.170093250895277,0.0030710354039902,10.0,0.0053680763065602
892772,26.1038686730282,0.0001462788750296,10.0,0.0007464451393029
1025986,20.162128550740608,0.0029775659050938,5.25,0.0063609213763557
1026032,25.377622917575096,0.0270669253931125,0.5,0.0081391586705875
1026957,21.039947033978613,0.0077627846176234,10.0,0.0080736692391909
1161345,710.8826619769761,0.0966122709385624,2.9000000000000004,0.0097969506260996
1293031,436.2073334487895,0.0024885986022464,0.5,0.0003447608706583
1293046,42.83082318929798,0.0002162004758193,10.0,0.0007328271046885
1431122,385.0256790634467,0.0008259550338258,7.65,0.0005755621192049
1432214,323.6589744220399,0.0689040178591018,0.5,0.0028248170560237
1432789,712.8813715895096,0.0011785558411364,2.9000000000000004,0.0006301610217804
1433962,22.51718098902189,0.0025648933868597,10.0,0.0030839631027888
1433980,20.71150528157615,0.0575675526364591,0.5,0.0419976404476356
1434395,23.223706489148512,0.0002246531680422,10.0,0.0008229658465813
1571511,28.050314818726623,0.0134867515263735,0.5,0.0026195126216812
1572948,21.208535798397268,9.294384667219048e-05,10.0,0.0003779771284042
1575690,182.41277740707332,0.0314123125714251,0.5,0.0077577765452071
1575873,20.973795476206064,4.541037923403506e-05,10.0,0.0002159317740286
1717722,184.0801192606634,0.0161769955167286,0.5,0.0010143459874212
1718189,123.25633257769437,0.0001563581520792,10.0,0.0003179163951457
1718958,358.5597311824501,0.0035204124185271,2.9000000000000004,0.0017891891216409
1721157,24.370413442222382,0.001511034198392,7.65,0.0034395539690442
1722276,284.83868508876964,0.0067385304823001,0.5,0.0009139739069565
1723078,704.2806778382715,0.0005661019645339,7.65,0.0003213117668171
1724513,20.533262075413347,3.858768996115666e-05,10.0,0.0002205620542725
1724719,670.9716703621588,0.000775127027467,2.9000000000000004,0.0003194365374835
1725016,24.54518939235544,0.0001448987449046,10.0,0.0006266740646575
1725193,20.749617149208,0.0130394263626407,0.5,0.00710423963755
1849702,24.067303689165342,0.0001178605247397,10.0,0.0004030556502638
1865042,23.277074963613167,6.16772961379661e-05,7.65,0.0002250251733317
1865864,21.36798747125269,0.0054057572875524,10.0,0.0064464039436103
1868404,21.17610303376268,3.194495463558513e-05,10.0,0.0001627821946534
1870398,21.616551816991425,0.0001266456822389,7.65,0.0003944771843805
1871056,40.80698470984903,0.0003497136237185,0.5,0.0002111044045966
1872821,390.5716507639696,0.0008304532967323,5.25,0.0005870940550932
1873513,33.539367957447496,0.0021621005135365,10.0,0.0027202013602822
1995519,52.588510122547305,0.0002756909604744,7.65,0.0008844143313548
1995712,20.30980653734972,0.0001096080551774,5.25,0.0004445449775316
1995732,77.36842983704241,0.0651889778353947,0.5,0.007159137923773
1996180,57.19652468708303,0.0002011557492841,2.9000000000000004,0.0003245753145273
1996679,145.62269777127608,0.0013193148797788,0.5,0.0002650020581449
2010152,20.21937335470503,0.0004590208839419,10.0,0.0009825252225341
2010191,694.1654325764699,0.0018032841550424,5.25,0.0010439000785854
2010607,37.26453954851743,0.0008076397591204,0.5,0.0002140932291039
2012722,23.25794000749371,0.0004127906840577,0.5,0.0003075245906721
2013883,443.72973865194217,0.0003247554180887,5.25,0.0001255774131011
2014991,571.049398667326,0.0004410685027496,10.0,0.0003568523088036
2019076,64.17295579870746,0.0488300923923483,0.5,0.0095123754778404
2019477,591.6848147345814,0.000561372521648,7.65,0.0002943125035552
2021440,20.310202966677945,0.0002101770722534,10.0,0.0008031145407117
2140389,319.2653334434529,0.020177227713548,0.5,0.0035149862600323
2141783,568.5646603487364,0.0007532857097783,5.25,0.0004194600833435
2142522,495.1252723981208,0.0009820969383309,2.9000000000000004,0.0004020721465608
2161536,27.359045337832413,0.0018669589892356,10.0,0.0026784328045362
2161623,20.56198801674813,0.2430246936829599,0.5,0.1845919042556152
2161949,26.945345306482828,0.0001369187819991,10.0,0.0004283132822629
2162994,28.71447942103442,0.1548204864737347,0.5,0.072285541517926
2164169,23.62494769160393,0.0001073975585697,10.0,0.0004325563252277
2165002,22.57712846062457,0.0021321688340617,10.0,0.0026364246166097
2165352,593.5160363221879,0.0029757406124533,10.0,0.0008637114927985
2166200,186.22758563081936,0.1036382463750945,0.5,0.0121337335544655
2166206,30.319361492503575,4.633700934601591e-05,10.0,0.0001808274915853
2167444,20.099760826971245,0.0008631543886594,10.0,0.0041672043304337
2167890,23.433655021751587,0.0028284951245224,0.5,0.0033986723299757
2284957,23.090370990081848,8.778228420495369e-05,10.0,0.0003597049639359
2299738,26.338686157436342,0.0075735996625631,2.9000000000000004,0.0127569601987868
2301068,477.4488558905613,0.0001979921352912,7.65,0.0001567682257164
2302548,24.7259797532144,0.0060461826884466,5.25,0.0062702405712996
2302758,21.921772654791987,8.351214143118693e-05,10.0,0.0004542829629332
2302997,26.002930409642342,0.0049366891927752,10.0,0.0048361842929914
2303903,21.20639588405928,0.0001815547096839,10.0,0.0013492532695282
2304320,650.3674089025221,0.0006543677879419,2.9000000000000004,0.0002828859907238
2305255,24.567024154802148,0.0005031272988851,2.9000000000000004,0.0008180392377888
2305372,49.16023173084708,0.3608204832211289,0.5,0.1716301510140871
2305543,149.17202316641252,0.1022338582117702,0.5,0.0297483142608001
2305866,21.772102896167496,0.0001827345940085,0.5,0.0001848794929993
2306740,20.61379725295902,0.1835884763634629,0.5,0.0532396364198512
2307199,26.904305349245227,0.0002731248086669,5.25,0.0003372400722062
2307206,204.05653183326635,0.3721074690387052,0.5,0.01628824445386
2307415,20.766733468723217,6.651274748250654e-05,5.25,0.0001888821465405
2308411,682.3716165594745,0.0007196395050642,7.65,0.0005611475813945
2308957,24.4182200161892,0.1458415690075806,0.5,0.0989737684581895
2309585,325.2230662758937,0.0154278418746647,0.5,0.0019976559684864
2309587,25.740520396448133,0.0374957669373603,0.5,0.0239307967554149
2309719,163.0488923574064,0.0073589130701241,0.5,0.0005990211234134
2309910,68.2143519635279,0.0003117592688383,2.9000000000000004,0.0004947169451532
2310993,423.5110926563206,0.0006182720871588,10.0,0.0007491771621171
2422820,36.930249090898826,0.0002320276583916,5.25,0.000590397288179
2436378,375.3504002649569,0.0896661934026324,0.5,0.0126070572163276
2437060,22.3081968673456,0.0667058128321459,0.5,0.0415830835270707
2437112,62.726593382892815,0.0004195592525824,5.25,0.0009911352164308
2437149,28.19313497408473,0.13056706503799,0.5,0.0419852975483842
2437209,384.5788653991859,0.052148900674451,5.25,0.0192971498861743
2437452,28.94114826197225,0.071137310849885,0.5,0.0180898154497894
2437488,72.3924814203533,0.0013215538442716,0.5,0.0006707569585684
2437505,64.4213349472879,0.274753465983292,0.5,0.0471503907554701
2437783,22.360484355562846,0.0164085713407714,0.5,0.0086784628347841
2437804,21.5024091692036,0.0001655888115599,10.0,0.0009261570390557
2437897,419.8589780970095,0.001099799303819,7.65,0.000942134075219
2438061,23.693509463651804,0.0066313054111479,2.9000000000000004,0.0125779922010516
2438062,33.02620769082101,0.004663144214445,2.9000000000000004,0.0066888953966645
2438070,30.56827340565983,0.0001347334807907,7.65,0.0004069563960839
2438264,570.0882667340021,0.0029566457725309,7.65,0.0010269396406351
2438406,203.65858237361653,0.0060859339191201,0.5,0.0014365511147293
2438490,23.21113317827556,0.0307145776975906,0.5,0.0253044494221956
2438502,24.891540576228916,0.0097367603668483,2.9000000000000004,0.0124616976904644
2438513,26.54985148611504,0.0031067880672991,7.65,0.0055329226290282
2438517,20.768490971571573,0.0001209799771685,10.0,0.0006737170992739
2439243,387.8893000161193,0.0011462796888504,5.25,0.0009195726829079
2440757,464.88303204686247,0.0038642380782436,0.5,0.0006057680340766
2441151,28.97361762285601,0.0002202172605675,10.0,0.0006074239685742
2441161,21.92235385694032,0.0379036310430041,0.5,0.0198680289052107
2441495,627.4099760313641,0.0010758843644703,5.25,0.0002649833521243
2441728,31.663194136472505,4.301599261799582e-05,10.0,0.0001883781346773
2442084,49.77933427190107,0.10933353351811,0.5,0.0143700388672869
2442359,22.21485041564868,8.481454873173182e-05,7.65,0.0003648956044058
2442448,158.34115531416816,0.0001923242295596,7.65,0.0003032702562505
2443393,110.97590203052503,0.0003105218535354,0.5,0.0001158873982609
2444412,21.961248752850555,0.00044985399416,10.0,0.000932860489152
2445129,45.74998453494504,0.0007047512366747,0.5,0.0005460064618229
2445134,25.23800554090829,0.0554920139791079,0.5,0.0148676729388688
2445154,698.3791002919453,0.0033165396900478,7.65,0.0008776228106713
2445975,23.72051647661312,0.0034841152625255,0.5,0.0030599206438272
2446113,346.6832062255345,0.0003177624626232,7.65,0.0002404372560475
2446134,374.7886418227694,0.0004979210654693,7.65,0.0003556526189246
2446623,196.68015636740688,0.0440854201453759,0.5,0.0012546969119134
2449053,46.84339711522345,0.0003714607598138,10.0,0.000819452072333
2449074,545.2453325500659,0.0003453382321472,7.65,0.000335269408694
2449090,79.10625231839786,0.0862007956583862,0.5,0.0171040521711042
2449245,394.8461069088823,0.0014568045975295,2.9000000000000004,0.0006990437782595
2449431,20.36441617266676,4.550579719179403e-05,10.0,0.0002483025040051
2452440,40.49794056400214,0.023323516146,0.5,0.0078691782103438
2452450,24.29054426084152,0.0003702839744621,0.5,0.0003193714136152
2556650,28.759518242258665,0.0011183522350406,10.0,0.0019975989720231
2557350,20.05691195516,0.001309264934884,10.0,0.0024689387040735
2557430,624.4351846523834,0.0304050653683168,2.9000000000000004,0.0102245255181823
2557816,49.04212857173994,0.0001588219632051,5.25,0.0004960900175678
2558163,27.077731721932512,0.0001701488498297,7.65,0.000604365444317
2558363,394.1352936697894,0.0016492442253688,2.9000000000000004,0.0009995712794309
2558370,166.01751622195297,0.1379076415781798,0.5,0.0345137812573708
2568971,20.35466914147676,0.0142480124171715,0.5,0.0094219309955271
2569488,50.41506634050083,0.0037682996675985,10.0,0.0041796222160389
2569494,24.386032902487017,0.082774035552735,0.5,0.0682796336876395
2569516,21.27926571275276,2.9323675286809608e-05,10.0,0.0001262573958948
2569995,22.296880617515296,0.0009177663238169,10.0,0.002635941412956
2570432,234.43042444171888,0.00592992756276,0.5,0.0027454287449098
2570505,21.037766301065098,5.273382746485461e-05,10.0,0.0002175279723325
2570767,715.8448809304488,0.000361044762597,2.9000000000000004,0.000144382018751
2570773,20.375461285110823,0.0051745773149153,2.9000000000000004,0.0055635469155767
2571238,734.3284225619693,0.0006938160362968,2.9000000000000004,0.000175514090611
2572029,23.10159979970042,4.582783953397418e-05,10.0,0.0001922283497931
2573056,38.97006873581695,0.000126222790624,7.65,0.0003861930351934
2573108,733.4563158733077,0.0004734162102273,2.9000000000000004,0.0001805109113025
2574201,30.096945814467787,0.006266654955042,10.0,0.0052776648855064
2574338,463.90418415215805,0.0007077765438397,5.25,0.0005820267464912
2574543,28.42590325013079,0.0006750735552594,0.5,0.0006517187397254
2576107,411.08861771728346,0.0183908562786013,0.5,0.0008575874171008
2576197,640.0031263491596,0.0010984924688336,5.25,0.0004920569386242
2576692,87.86939915805085,0.2211240083063939,0.5,0.0224978222207672
2577353,21.16906600070945,6.488518874027424e-05,10.0,0.000340776915327
2578017,388.2743710707461,0.0024475019406102,2.9000000000000004,0.0011110014808645
2578811,29.03845182063097,0.0033756320334196,2.9000000000000004,0.0054785661982764
2579043,96.61928729499787,0.0002147200872627,10.0,0.0004922559795972
2580872,47.775999169418974,0.1235623766675923,0.5,0.0285718204102861
2581191,30.381112854506863,0.0003123522034766,5.25,0.0006104784335749
2581316,217.81538712412228,0.0084067377996932,0.5,0.0005474403748584
2581554,23.50531137765408,0.0043904919077188,2.9000000000000004,0.0070249581593098
2583777,551.4528742449385,0.0092164612945375,10.0,0.0036362680613054
2584163,185.59460501193695,0.0005209962569993,2.9000000000000004,0.0005287421401488
2692377,705.9078128748272,0.0059057344781468,5.25,0.0013831639124441
2693092,39.84408398726989,0.0672308336042507,0.5,0.008271007871407
2693736,21.57170392623193,0.0001063875633815,10.0,0.0005197397606004
2694632,20.05176641405775,0.0022166781291843,5.25,0.0038532829697532
2695110,441.8651532472362,0.0057279105634475,0.5,0.0004765477241752
2696205,32.56466602222097,0.0058264653477998,7.65,0.0086432351201719
2696703,22.021489527795747,0.0111819118818769,0.5,0.0137022282437235
2697935,21.49933739447374,0.0007574165273839,2.9000000000000004,0.0004796981240185
2707097,30.50236585302609,0.0011203931124124,10.0,0.0070359768801246
2707916,40.49441790373514,0.001280895518807,0.5,0.0013752833230955
2707985,31.124440020550654,2.867943373027076e-05,10.0,0.0001051326105465
2708156,24.5882802882558,0.284774701037412,0.5,0.1543040411742771
2708172,605.3503781487958,0.0037096232032315,10.0,0.0010536919928221
2708203,25.9471150250762,0.0001015065002089,5.25,0.0002669909127795
2708221,23.096760036572604,0.0039012502238103,7.65,0.0037173385627647
2708270,20.803539802086345,0.0002698898501374,10.0,0.0013575648527285
2708278,20.296734664840933,0.0011859328252932,10.0,0.0021537267195104
2708286,24.339611264956613,0.0001339134496537,10.0,0.0005603124022731
2708343,21.011787692443832,0.0046573846079935,5.25,0.0056647860602958
2708420,361.74276908576337,0.0009978423109783,0.5,0.000224604095416
2708445,20.80620222042461,0.0002283174090801,2.9000000000000004,0.0007498897140604
2708614,52.80635924380992,0.0045553022391964,0.5,0.0010304865283512
2708885,34.31756554720904,0.0002394309371886,10.0,0.0008803515034299
2710623,598.9629017670723,0.0009877848734369,5.25,0.000363109686632
2711114,405.88861292732776,0.0040282599213861,0.5,0.0007702991699081
2711123,26.62623543790285,0.0005080336952296,0.5,0.0005648388685836
2711131,31.536774175354907,0.003491091748231,7.65,0.0050006333615379
2711597,21.75569066457281,0.0048394484759621,5.25,0.0057304785304286
2712825,64.39437210848085,0.0009547326481643,0.5,0.0007321816417259
2713049,24.60066995932204,0.000177534327337,7.65,0.0005766530296286
2715135,21.545440264130036,0.0016087550434096,10.0,0.0025259120301463
2715695,21.854862262294315,0.0001970318984937,10.0,0.0010070286117972
2716801,23.05434491751497,0.0001729545257302,7.65,0.0008271541853636
2716853,114.67717539255956,0.0003853247222789,7.65,0.0008440416182098
2717158,20.74933454274534,0.0001185794773444,10.0,0.0005300707073515
2718778,131.05555205238304,0.0004200015142228,7.65,0.000777701202154
2719873,172.77455040062958,0.1584676478148361,0.5,0.0115970515098779
2720354,31.03442121726019,0.0349248226385602,0.5,0.0141836632345551
2720514,20.523857788728915,0.0001014689559902,10.0,0.0002442360986433
2721030,29.249730155296465,0.0001835033612085,10.0,0.0010456646313907
2830919,327.10976265878475,0.0003187504589518,7.65,0.0003924909979374
2831055,629.703588572698,0.0007951597949226,5.25,0.0003275147614957
2831251,113.09588642744328,0.0002526104208565,5.25,0.0003777361001904
2832589,21.42298796732961,0.0031176640767005,10.0,0.0034155704452257
2834463,180.83807076013025,0.0016160860094925,0.5,0.0002917658804746
2834805,23.70771342970468,0.0013557762295927,5.25,0.002324500795099
2837111,25.107295343054307,0.0001012297029297,10.0,0.0008285515648095
2849140,645.4582893406844,0.0012443181067752,10.0,0.0007183270003188
2849805,94.58275059731922,0.0003568587110454,0.5,0.0001725800281156
2850321,26.633733635399377,0.0005705443791189,2.9000000000000004,0.0007367241725224
2851100,551.9789017393538,0.0012932229395423,7.65,0.0008391297363229
2852528,23.08855671539217,0.0001823385089992,10.0,0.0009834613915789
2852560,23.92662674070147,0.0704551380147609,0.5,0.0219629453480662
2852941,724.6508480349961,0.0012195971273001,10.0,0.0003544591719746
2853029,21.62577580189327,0.0001788649995682,10.0,0.0007747751620098
2853093,519.3686108093173,0.002827733377663,0.5,0.000591679287668
2853446,685.778488189298,0.0005617823735579,7.65,0.0002603588567123
2853780,496.3574539406059,0.0003773177854151,2.9000000000000004,0.000237602542446
2853828,24.783686649324867,7.380720560194051e-05,10.0,0.000173085996704
2854181,61.38618574641305,0.0002114232546679,5.25,0.0005676997502812
2854698,38.44356773549288,0.0076071653690032,5.25,0.0072534343652258
2854839,28.453847894129066,0.002493394735104,7.65,0.0054933112962726
2854914,28.319645668925453,6.892140777780404e-05,10.0,0.0002408131103722
2854948,233.84583670531387,0.0397530621202252,0.5,0.0096957028867307
2856960,306.38383725934324,0.0407596644818524,0.5,0.0036575434725287
2857607,380.211241592761,0.0007949591098541,5.25,0.0003843517162001
2859299,243.0316427082835,0.0008764757295261,0.5,0.0002304531291747
2860114,369.5184976025552,0.002132325162107,0.5,0.0004794173070168
2860594,22.002720337799357,0.034042167973053,0.5,0.0123949573578882
2860656,333.24741364730625,0.0007327188927849,2.9000000000000004,0.0005946335755348
2860788,26.29654796314244,0.0427615750176216,0.5,0.0248474574768522
2860793,26.07300347141289,0.0002808438565074,0.5,0.0002938483784364
2860866,594.9265543363616,0.0041640746182202,7.65,0.0013736307759244
2861126,32.209465129452816,0.002091794661012,10.0,0.003718427594017
2969638,540.2790192407338,0.0139875297113663,10.0,0.0066538685837684
2970670,23.61853596832252,0.0011976126833812,7.65,0.0021115822650189
2970804,31.11610616429373,0.0009745607113754,10.0,0.0022882069444721
2973386,695.3207898725733,0.0037306393170187,7.65,0.0011063720561662
2973509,26.506351397306695,0.0916210048505738,0.5,0.0354329283123453
2975770,20.185375589282145,0.0060853163476796,10.0,0.0058486910628925
2976017,454.4351829958306,0.0004744383923457,7.65,0.0003860167032963
2984990,23.017587812970188,0.0001541011766498,10.0,0.00044881312033
2985587,25.85003269643116,5.77606291073654e-05,10.0,0.000249030250219
2985767,26.211111213154403,0.0001202912329951,7.65,0.0002401653291112
2986833,29.84523131669332,0.0017439690748723,10.0,0.0023110348542019
2987027,241.75534234557804,0.010469717396191,0.5,0.0010765057165915
2987433,280.7150481830664,0.0555458617151608,0.5,0.0018659673329694
2989404,572.8046799122177,0.0005542573518641,2.9000000000000004,0.0001517399688108
2989706,31.55594248177424,0.0002722791108286,2.9000000000000004,0.0007835924420479
2990873,28.150916528281517,5.930100350792348e-05,10.0,0.0002703927028712
2994092,25.01722140530005,0.0001811072080765,10.0,0.0009453139167867
2995392,499.5025022347102,0.0007067944289471,5.25,0.0006072084073588
2997178,20.843306273054505,0.0004004018211417,2.9000000000000004,0.0007841875908003
2997455,297.0623914446764,0.0041860831584703,0.5,0.0009837372220416
2997459,373.9326763496632,0.0005242921290705,5.25,0.0004332108878551
2998124,28.59396934986245,0.040650705485992,0.5,0.0065981161610073
3001885,390.1345298894961,0.0059467843051917,10.0,0.0015531189518803
3002478,21.1103711564882,6.684862529208902e-05,10.0,0.0003373172361127
3003019,626.0986651281431,0.0009189366349425,5.25,0.0004642823903003
3003991,347.607366168009,0.0953155089326284,0.5,0.0111831570824468
3003992,28.65674173589593,2.775630455431392e-05,10.0,7.981147843522906e-05
3097346,709.6157093894457,0.0005333755339879,2.9000000000000004,7.795330862601844e-05
3097352,286.8739549211093,0.3149947881146428,2.9000000000000004,0.0470329104755
3097926,168.78100560081006,0.000639850221218,5.25,0.000812197231732
3098184,30.47668179631488,0.03823603133979,0.5,0.0084966102996956
3098194,30.4752725053856,0.2438865081814528,0.5,0.0419584476436218
3098197,30.475272506628656,0.1018159814982735,0.5,0.0188798969603434
3098605,20.46435232079356,0.0053469810117902,10.0,0.0050184828597186
3098810,23.11271609922249,2.9691493821803183e-05,10.0,0.0001442007952087
3101178,606.6460483652563,0.0003811139196831,2.9000000000000004,0.0002025571042556
3101923,23.26033004992203,0.0001254220730141,10.0,0.0004389954392644
3102000,57.06416787720378,0.0251829744732479,0.5,0.0042049922487974
3102024,27.564087459269235,0.13000263234913,0.5,0.0297718631548052
3102309,21.9102776412159,5.522865004439026e-05,7.65,0.000212829639264
3102384,528.7297000641182,0.0001365069130761,7.65,0.0001013530450996
3103212,436.3152542965328,0.0004603364602638,7.65,0.0003413002746325
3103227,24.435364807297965,0.0001185312378579,10.0,0.0004385276550077
3103473,186.3115821065109,0.0009401151278958,2.9000000000000004,0.0007394179325833
3109550,511.8330903270003,0.0051000838195933,10.0,0.0016619611445861
3109930,309.91718415884003,0.0012306023910319,0.5,0.0003958340462276
3109937,371.3980033032666,0.0010597612802784,10.0,0.0010685540364363
3110177,375.5273381896624,0.0007340146062771,5.25,0.000482062551042
3110937,534.514048728102,0.0022875307025784,0.5,0.0005026388192217
3112129,136.42059059306828,0.0003510863427403,5.25,0.0004036566651888
3113266,118.58034801391813,0.0037820757843646,0.5,0.0012355534870181
3114167,33.676201799954114,0.0002036431849617,10.0,0.0008542089937721
3114661,21.50589973247754,0.0034060645125178,5.25,0.006415981923526
3114667,151.93238374867312,0.3073667617325692,0.5,0.1008033091443806
3114811,20.72897009906253,4.130790684451504e-05,10.0,0.0001659685766114
3115480,269.55303704464944,0.0221271814627456,0.5,0.0041302960119668
3115833,490.4774655136145,0.0029360170656571,2.9000000000000004,0.0013680622389488
3116412,20.095254874304565,6.004352960502091e-05,10.0,0.000495084228817
3117046,20.187506445938723,8.114332433964673e-05,10.0,0.0005289429211574
3118797,66.41610506238916,0.0014353425161604,0.5,0.000805629697359
3119256,29.600147183782315,0.0001409667630991,2.9000000000000004,0.0002516946761183
3120276,40.34310883940347,0.0003103326997708,7.65,0.0006419601752667
3120308,21.49366079396937,0.0002431169173351,10.0,0.0005819152458735
3120320,20.53246370933339,0.0584339317131647,0.5,0.0150857830269785
3120355,42.49774392189088,0.0001597129039342,7.65,0.0006528726378493
3120397,62.83404724671576,0.0003151555705932,5.25,0.0006900630329647
3120431,21.826621000847208,0.0002205055470626,10.0,0.001068179499001
3120904,24.35541572418742,0.0001635257393939,2.9000000000000004,0.0002484627724692
3121340,282.62686373587445,0.0013663477171858,2.9000000000000004,0.0008985366965795
3122872,550.0492546333023,0.0002038189144973,2.9000000000000004,0.0001265192521643
3122913,23.013827772167996,0.0029731033469566,7.65,0.0036185322379567
3122985,717.6876773658175,0.0130804635852201,10.0,0.0109404569364081
3124412,366.7804866855048,0.003879397262266,0.5,0.0008996257948216
3124420,70.21825830105148,0.2600024577566097,0.5,0.1195810759565379
3124598,27.299044105291788,6.142496745374305e-05,10.0,0.0002646847497276
3127817,21.63713716715405,0.0238471208733433,0.5,0.013249898889941
3128552,404.4999246491925,0.0006714564175193,5.25,0.0005084398350647
3128793,67.16960297197643,0.0852262575782863,10.0,0.0650652277090585
3129238,20.191377100011717,0.0040031338799209,2.9000000000000004,0.007827692512986
3130300,668.6687636896388,0.0007366897766287,2.9000000000000004,0.0003449989437439
3130548,357.80074395192645,0.0018133537018515,2.9000000000000004,0.0007508956480968
3217264,175.15374956877164,0.0014515224285061,0.5,0.0002881325149049
3218844,535.6331984583601,0.0018198385604272,5.25,0.0006445437283535
3218908,171.16782786771032,0.0033355225899015,0.5,0.0003891755522951
3219037,23.95139784817813,8.13587441182581e-05,10.0,0.0003656450045346
3219643,20.62856239589894,0.0001486358652085,10.0,0.0006242456865207
3219995,25.700532181418748,0.0011024654429853,5.25,0.0019207691947637
3222680,621.8756967925686,0.0030091929127838,0.5,0.0006923705403388
3223433,26.035933183616848,0.0001218197972912,5.25,0.0004084108407763
3228740,605.0057704459596,0.0020281539158594,10.0,0.0006740739402617
3228804,457.5858719910264,0.0006436900946448,10.0,0.000527660094798
3228824,531.783505633783,0.0008066709120965,10.0,0.0007468639005598
3228825,69.95469483624191,0.0006224664188212,0.5,0.0003594353409808
3228945,22.97684545670629,0.0007859564460175,2.9000000000000004,0.001650517281059
3228959,33.394603635449414,0.0001295876579354,10.0,0.0005811780089872
3228986,25.41727894857478,0.0006733577080778,2.9000000000000004,0.0014524440501195
3228988,688.9081520697239,0.0008155224523891,7.65,0.0006520196626198
3229028,666.8169876790433,0.0005466986302713,2.9000000000000004,0.0001835144920321
3229150,36.51968069986754,0.0008332273125025,5.25,0.0013944446899018
3230095,21.77293682263249,9.928981382183453e-05,10.0,0.0005659599137776
3230206,20.33862404491652,0.0001553156004488,10.0,0.0008373622991749
3230227,42.29251304143885,0.027950101872753,0.5,0.0063512036270284
3230578,25.352865950722205,0.0010076882840034,0.5,0.0006016726737944
3230753,28.52710639235073,0.0001710364558126,10.0,0.0005002449668251
3230787,53.21278390168161,0.0969508240795479,0.5,0.0148848471703403
3230805,39.66797373298384,0.0003093359067918,5.25,0.0005918912089745
3231120,74.10009522429871,0.0818019498464299,0.5,0.0182208512477205
3231137,680.3553090096341,0.0007533678183533,5.25,0.000372565885101
3231341,609.1613088024724,0.0016523891276708,2.9000000000000004,0.0007443470006809
3232249,501.4598707593295,0.0008505004077908,2.9000000000000004,0.0005912419955197
3232859,385.6651326930065,0.0051507995692877,0.5,0.0004252608356305
3233043,23.460010095777186,0.0044019905884977,2.9000000000000004,0.0050744935829296
3234598,29.9125453797165,0.0003950544090293,7.65,0.0007845946783379
3234843,481.4389474191949,0.0011921393948017,5.25,0.0009099437921645
3235282,20.39682092533039,0.0001677278022142,7.65,0.0006314986928901
3236705,22.81791075189165,0.0004887755018203,7.65,0.0009678142504858
3239171,25.083178423837985,0.0001693316965974,10.0,0.0007575377028646
3239636,351.9232708631628,0.0012213118692939,0.5,0.0004192097030311
3239671,704.9706146644237,0.0039998604070286,5.25,0.0008049524150447
3239945,356.879655902627,0.0121567614662937,0.5,0.0005255863989911
3240049,32.4789639255189,0.0002733539344446,7.65,0.001051854888388
3240158,653.3614422822625,0.0011605852763501,2.9000000000000004,0.0004791398174934
3240159,82.1546967028317,0.1149255212677788,0.5,0.0098628463738082
3240406,390.9207437971517,0.0003572177701938,0.5,6.581381489884171e-05
3240706,25.71874904944856,0.0001190589238624,10.0,0.0008517600584528
3241248,128.97553559888283,0.0010456952073678,0.5,0.0005184372491597
3241344,31.300535867740777,0.1176703361049034,0.5,0.0451908237965601
3241557,169.85849605257746,0.000825790893427,0.5,0.0002191966593631
3241604,352.27642066238064,0.0030368174383555,10.0,0.0015549454042065
3241619,129.50102305934618,0.4159330580083576,0.5,0.0917474744093453
3241647,22.14436145120765,0.0001830970178157,10.0,0.000592187142738
3241662,32.25777858874011,0.0001200622229111,10.0,0.0005234272407799
3244792,34.95677852153853,0.000108471807661,10.0,0.0004401793905888
3245000,20.57765999917005,0.0029307994653066,10.0,0.0091144777364661
3245661,370.0387190755174,0.0301235971886477,0.5,0.0059277932454671
3245969,27.13138233571649,0.0004780992384947,7.65,0.001107093864753
3246984,404.9230177893204,0.0028957198789993,0.5,0.0006735808522522
3247268,86.65603470798915,0.0059717856382019,0.5,0.000683451432342
3247294,67.41204432710794,0.0833179958612992,0.5,0.0110522156467725
3247396,26.43488385052516,0.0001539910142496,0.5,0.000140674327851
3247404,46.06312044045486,0.0077866479561687,7.65,0.015149246649596
3247503,25.595194571305,0.0002609004225855,10.0,0.0008743650757585
3248019,22.68107480499368,0.0195482156220738,0.5,0.0125223329971485
3248033,88.96269491980541,0.0001420719866123,2.9000000000000004,0.0001910669984037
3248332,29.459840074752808,0.0493207355655865,0.5,0.0224771193220077
3248501,20.76186357899944,0.00093975098172,10.0,0.0037698770469268
3248696,375.7660282498072,0.0012123392369189,2.9000000000000004,0.0006902097258109
3323289,303.1943905674669,0.4580844382897437,0.5,0.0337061554463499
3323887,33.66330590067482,0.0008099278747037,5.25,0.001628388249581
3324644,20.118116392775992,0.056626121907727,0.5,0.0592812292312875
3324986,24.19395709841629,9.032323956553007e-05,10.0,0.0004580646919722
3326377,36.431860189769445,0.0035619644970837,7.65,0.0056775329949543
3327980,35.956226506436295,0.2298909043284233,0.5,0.0901588228442025
3327992,361.87924968459737,0.1877022605751879,0.5,0.0195565917753841
3327993,367.589108300234,0.00085682514995,7.65,0.00085835799582
3328026,638.858541316794,0.0031104278559747,2.9000000000000004,0.000796369559212
3328027,25.45740064460302,0.0001233153005611,10.0,0.0006264806499661
3328052,21.69159863491534,0.0001188205239418,10.0,0.0007386033406482
3328080,22.65372779127877,3.012691597352079e-05,10.0,0.0001515913370743
3329204,412.56668201324567,0.0061360748622401,0.5,0.0006771533582464
3329643,20.69816674198021,0.0001933417989784,10.0,0.0007573959902943
3330684,20.59571538852952,0.0001325219886061,10.0,0.0008438922635206
3335813,415.2311701286789,0.0183880260964831,0.5,0.0013209673085139
3335816,44.53740520112177,0.0111283357716611,0.5,0.0028611069779943
3336476,24.433183097436316,2.382656353084476e-05,10.0,0.0001181528909746
3336765,187.71961583774095,0.0001691311484235,7.65,0.0003777910311055
3336845,26.279595994686563,0.0006654132959257,10.0,0.0015428799306429
3337061,373.17967339270217,0.0005509243538595,10.0,0.0004039174368694
3337351,323.874985136836,0.0690207003854708,0.5,0.0056115143572697
3337425,33.92037439909227,0.0001207283059054,10.0,0.0004549189814997
3337432,296.1001255880723,0.0004537668700777,2.9000000000000004,0.0002510584262975
3337438,205.62687863138703,0.001853900320522,0.5,0.0002444897337956
3337548,21.42395990629849,0.0003808855955541,10.0,0.0009573532903437
3338660,22.481524406711493,0.2552560244373195,0.5,0.1488198919494484
3338674,348.3126567409287,0.0178395997490381,0.5,0.0028435443273616
3338885,233.2771474638101,0.001389420678487,10.0,0.0009689362350754
3339538,219.83735321946835,0.1258300153008131,0.5,0.0092136193183878
3340165,20.014291780255924,6.389927452683692e-05,10.0,0.0003378173874313
3340312,30.54349077661041,0.0003713599433637,0.5,0.0003188158449537
3340313,30.551596802399825,0.0241235012857091,0.5,0.0041772002189579
3341760,31.212154829672198,5.0481167179747e-05,10.0,0.0002138209075455
3341934,37.68761329621938,0.0793301666285451,0.5,0.0160590615466661
3342467,24.96218571294964,0.0050291467932193,5.25,0.0068451238666358
3342592,34.34867915567028,0.0131086849234802,0.5,0.0023598235913937
3342794,36.82051785648659,5.272254781265656e-05,10.0,0.0002310049757516
3342952,23.1328305179013,0.0008814389746559,10.0,0.0018176379825804
3342970,50.51388974999994,0.000238843328107,7.65,0.000756070704227
3343281,370.181476441228,0.0031910593091715,0.5,0.0005377273337034
3343866,727.3493927362955,0.0006273148401853,2.9000000000000004,0.0002399827706656
3344419,20.669765270224204,0.0007942784925187,10.0,0.0019082419522742
3344427,119.417261137778,0.2107691222917122,0.5,0.0841464413519256
3345675,240.0306308079356,0.0304136414681255,0.5,0.0014337533935236
3345973,369.3259767379068,0.001270438758022,10.0,0.0008303097788049
3346154,309.682343708703,0.0019235507924554,0.5,0.000382145108569
3346543,703.5723611887964,0.0005802729194719,5.25,0.000265832216573
3347485,22.62766153687224,0.0229794615553731,2.9000000000000004,0.0237198464830982
3347807,21.23174835943874,2.698378921087897e-05,10.0,0.0001106959349831
3348082,397.9090586216136,0.0020488349568056,0.5,0.0004959460418569
3348090,20.2692427692371,4.619632722090764e-05,10.0,0.0002087761951429
3348093,302.5952164146286,0.2626159891005651,0.5,0.0270265632627644
3348216,31.177437702871234,0.0001088553225551,7.65,0.0004441542922893
3348285,26.78226873169646,0.0011165538378614,7.65,0.0019455946990183
3351888,66.65754866738818,0.0047522623301147,0.5,0.0018253362684417
3352751,20.976420963281196,0.0685462195919543,0.5,0.0270659742258773
3353050,21.074110508916373,0.0001004807573323,10.0,0.0002126700051117
3353454,21.40893426149083,0.0031420782079659,2.9000000000000004,0.0045396918088421
3354846,20.002476874625668,0.0031250742015452,10.0,0.0057898346553706
3355104,21.755248953967374,0.0002817797677311,10.0,0.0032646775815709
3356193,356.28618921098894,0.0026306338490863,0.5,0.0009836254576739
3425851,23.60300235098557,8.401879449132026e-05,2.9000000000000004,0.0001158341309755
3426367,33.872063631963435,0.0016262934145701,10.0,0.0020668204156391
3427776,27.478666178798477,0.0230179009022631,0.5,0.018542616257497
3428468,229.8387868175262,0.1655327226026814,0.5,0.0079932529702309
3433668,161.38730351206965,0.0018081175501246,5.25,0.0020092497091686
3437739,31.498040313040057,0.0001785927222841,7.65,0.0005877977642195
3437776,710.9983332448915,0.0005447501890634,10.0,0.0003752254226865
3438507,278.4018925230562,0.0023561569592329,0.5,0.0005153987338923
3438975,24.692494715874147,4.075493650447823e-05,10.0,0.0001507066936114
3438976,23.386936978520986,6.253524466401622e-05,10.0,0.000259846298118
3439031,20.835776264699994,0.1767470310547828,0.5,0.087481439376968
3439096,602.6228890934508,0.000535998224222,7.65,0.0003893962424135
3439126,576.8857092185619,0.0653909062836471,5.25,0.0234010783581769
3440118,23.41746547628216,0.0048687121755029,2.9000000000000004,0.0094062101048353
3440230,20.16664875907593,0.3487414390061615,0.5,0.1455128309537077
3440978,37.39280412849033,0.0001355239055007,10.0,0.0005569370979159
3441340,21.49003536146595,0.003192929310468,2.9000000000000004,0.0054717272411121
3441784,52.56763358872464,0.0113720172708515,0.5,0.0023656951913079
3442054,117.68008729764092,0.0368570984242998,0.5,0.0023026141810469
3442055,445.0662537551119,0.0001504964091572,7.65,0.0001504570919381
3443582,22.804533991060783,0.0057827008273642,0.5,0.0037766215423886
3443790,189.53952087861123,0.001981744430131,0.5,0.0006689651107333
3444098,44.90728453852066,0.0007982546647691,7.65,0.0046144661480909
3444588,36.83357978391513,0.0021983042145106,10.0,0.0024795068609488
3445812,257.92540445610075,0.0002748684396136,10.0,0.0004454237973838
3446451,375.98334479413705,0.00046822114362,7.65,0.0001930145005401
3446746,48.62051049688909,0.0003104036155991,7.65,0.0005439306138469
3447722,32.88674754597464,0.0001696876980045,5.25,0.0005659957732509
3448130,555.2724214478962,0.0021544384367847,5.25,0.0006141417293198
3448323,36.05805818804357,0.003335137219588,5.25,0.003920484472104
3448456,39.280070237848,0.0005226917397659,7.65,0.0020240164024909
3449540,80.3081932500914,0.3110699789222111,0.5,0.0827039662103153
3450040,26.497543723692083,0.0001104664694831,10.0,0.0003564189155337
3453214,243.22979074588105,0.0220759361599053,0.5,0.0029086922259225
3458028,22.69551349475873,0.000389096104732,0.5,0.0002784522274074
3458687,45.70916974293638,8.049708088615521e-05,10.0,0.00027831688947
3458919,296.4705576542087,0.0690733535217123,0.5,0.0202124332383044
3459199,23.25411233111611,0.0074678218839736,5.25,0.0094632734517751
3526331,218.10490024596547,0.0021079260523505,0.5,0.0007963640821237
3529290,22.7657503056367,5.80049918665714e-05,7.65,0.000237742894251
3530668,23.35649032205885,0.0473042466672706,0.5,0.0298773632216837
3531231,68.35611705781174,0.0003439130401545,5.25,0.0007335100128744
3531558,564.204728377466,0.000301395834629,2.9000000000000004,0.0001190889312787
3532985,24.176176553257005,0.000279736486653,2.9000000000000004,0.000514758644592
3533469,328.776697081062,0.0128791936490687,0.5,0.0007949147928503
3533483,393.3615555612192,0.0014728930035198,5.25,0.0008494958582395
3534118,36.13018803581596,0.0001288516533145,5.25,0.000278705080783
3539231,608.9866152492891,0.0008398776439545,7.65,0.0004900907653191
3541800,20.269000629294357,6.365844309823759e-05,10.0,0.000412107554196
3541946,31.821532650128987,0.0013144696115572,10.0,0.0031873503762492
3542117,619.076384442969,0.1250309201236064,7.65,0.0411237876709504
3542222,661.7102416915441,0.0007905931918776,10.0,0.0007078325974644
3542542,22.05321404954915,0.0002544582603837,10.0,0.0008654064860707
3542573,114.54621516349664,0.071774601382134,0.5,0.0146738884916035
3542574,93.7090007204095,1.848946738697422,0.5,0.3843920313143776
3542588,205.6268848121077,0.0024251936808221,0.5,0.0002226274166834
3543270,20.376492109385943,0.0260239101120948,0.5,0.0244073794581844
3544595,678.1844899122143,0.0006025526705615,2.9000000000000004,7.355061259931123e-05
3544640,390.0429142009225,0.0014667776990679,2.9000000000000004,0.0008029562925148
3544678,565.5817453031055,0.0075256385444994,10.0,0.0062706853781772
3544689,22.299285833891343,0.005126566395249,5.25,0.0074954490894724
3544694,96.14755011027307,0.0799271781221021,0.5,0.0166203620997769
3545135,641.070709108114,0.0002482261359927,5.25,0.0001070994657845
3545478,150.22169791355682,0.0022753745537371,0.5,0.0002056119475154
3546060,33.039110605210674,0.0002306402114157,10.0,0.0010554428324904
3547091,20.508934338042454,0.0145321229467229,0.5,0.0164622136760051
3547178,374.4140399710074,0.0004015333939906,7.65,0.0002054753448813
3547315,369.3373112960047,0.0797159904539867,0.5,0.0149082046284134
3547760,20.01353983129174,9.815819185245976e-05,10.0,0.0004536594033192
3548044,410.7184451560699,0.0001927525414474,10.0,0.0002118206099069
3548622,22.776158534898247,9.84087087176834e-05,5.25,0.0003420435043399
3548639,700.8838949554482,0.0002337400337827,10.0,0.0002356692855693
3550372,24.84851063581625,0.0001219212191097,10.0,0.0010121713545185
3550434,620.5060448811448,0.0035012477296205,10.0,0.001490975605195
3553900,29.58855953622252,0.004246715102291,5.25,0.0052745161298179
3554031,22.73420712258646,0.0016695092180156,10.0,0.002576402616361
3554600,21.726569340606197,0.0001351902665916,10.0,0.0006767024153062
3556220,401.1087528759763,0.0005549495875037,5.25,0.0002384557546027
3556229,21.908765616920185,0.0303125290120179,0.5,0.0463469711101137
3556742,602.618422612492,0.0022601760636917,5.25,0.0007897556544894
3557341,20.53931621897056,0.000157294404903,10.0,0.0009274269612193
3557560,21.21586338011405,8.98791142482143e-05,10.0,0.0005134123173155
3558803,227.2912047792713,0.0005922648176166,2.9000000000000004,0.0004953692744048
3558849,211.48424241588276,0.0039799466379119,0.5,0.0003500004431434
3558981,498.9615209342952,0.0271138268503142,10.0,0.0207083906162168
3559860,396.36078335416,0.0008638510658286,10.0,0.0007220338737285
3559935,29.81374137283104,0.0007130386088081,7.65,0.0009419315002152
3560301,159.19700532054102,0.0013257671526511,0.5,0.000175245514409
3561464,550.5324477534523,0.0009438362055547,10.0,0.0004554708281191
3629119,26.486180645339523,0.0001649671125627,5.25,0.0003746923976899
3629330,117.2226120426615,0.0003338596356646,7.65,0.0006132119235473
3629967,546.2405296092854,0.0020187310028778,0.5,0.0003017423700916
3632089,638.5707187460288,0.0011741954463902,5.25,0.0003404631734005
3632418,25.239512480236996,4.614369974821469e-05,7.65,0.0001337705316849
3634051,453.5990870674113,0.0008120064025335,0.5,0.0001742233357757
3640905,22.949714716014487,2.615282316831635e-05,10.0,0.0001538122699596
3641726,27.08962060083924,0.0005227335670811,0.5,0.0005111226284111
3642289,362.0224784613572,0.0004452733144209,0.5,0.0001198270945461
3642335,28.80586498890324,0.0021236650234483,5.25,0.0021837165030443
3642741,24.8693893203412,0.0012791316622011,5.25,0.0025533866340673
3644071,279.241925165909,0.0068000662823419,0.5,0.0004235177872344
3644174,253.8140846541537,0.0036764102211563,10.0,0.0008322594938129
3644399,20.047752982698928,0.0004410499572539,0.5,0.0006257657098302
3644505,711.7820452701121,0.0003211774890667,10.0,0.0001964742609301
3644523,358.6105360577086,0.0147698836069873,0.5,0.0011277188511969
3644542,119.66067728380284,0.2549091436733963,0.5,0.0236545960631533
3644601,239.33509408612056,0.0023244865561779,0.5,0.0005064427951732
3644602,31.191860395796816,0.0001083511574509,10.0,0.0004735394686927
3644631,87.0413075958645,0.0002228899059784,10.0,0.000564394079632
3644653,42.423270011350574,0.0004740105041408,2.9000000000000004,0.0008564796413523
3644738,98.53526568682022,0.0012725553274747,0.5,0.0005515417882472
3645282,26.76888127441695,0.00017251470909,7.65,0.0005560056483032
3645438,24.88766599820905,0.0001806138252332,10.0,0.0007824494016346
3646449,555.1090182007732,0.000804195682977,5.25,0.0005752289302326
3648437,435.2865241432827,0.0107037410646286,2.9000000000000004,0.005736840154012
3650049,713.0940734562519,0.0011743225982186,2.9000000000000004,0.0005297871008369
3654095,27.175187550279887,0.0001545314235459,5.25,0.0004644594078158
3654719,21.26863404215059,0.0001381565370099,10.0,0.0007612251754593
3654950,24.39835761689834,0.0278590854326103,0.5,0.0150849829175506
3655326,30.13485811670811,0.0425935639469111,0.5,0.0119735705368138
3655332,346.6168661411337,0.0528229897410091,0.5,0.0045920725455501
3656121,352.7324689244815,0.0039681951034599,2.9000000000000004,0.0006205553805433
3656322,21.44366533610609,0.033054460456187,0.5,0.0294152534916362
3656700,543.5387695250286,0.0004986903373581,2.9000000000000004,0.0002192530339143
3657176,64.25272193674489,0.0003010756210186,2.9000000000000004,0.0004429050127245
3657758,21.181185759648017,0.0052085185888334,5.25,0.0071511053530996
3659940,20.665740253322166,0.0222203477857025,0.5,0.024651766970914
3660581,490.1509456432667,0.0016098196744677,2.9000000000000004,0.0003921914278404
3660924,49.72314232941163,0.0001447690644098,10.0,0.0008307108524034
3661886,372.3813454967471,0.0004035351115065,10.0,0.0002750288748664
3662635,175.80081398600402,0.0885330345447839,0.5,0.0307732106601049
3662838,24.857044431715767,0.0005371206012309,0.5,0.0002520622346434
3663141,82.98439702208948,0.0001365919781382,10.0,0.0002685960311953
3663173,174.59027207893948,0.0022539553221079,0.5,0.0009638334313114
3663494,20.884404225563664,9.57417893343496e-05,10.0,0.0005517007736302
3663850,615.4307270147574,0.0004706768736901,5.25,0.0004341122927502
3728432,37.31879767841939,0.0052697882074705,7.65,0.0053528495645655
3728701,345.71405819823605,0.0005820789200264,5.25,0.0006182307334282
3730335,26.541751531182285,0.0002658095542939,7.65,0.0004500369455215
3732035,23.49398606802659,6.809815743691708e-05,10.0,0.0002666791966761
3732821,315.84728887993964,0.0006671356662359,5.25,0.0006530906292275
3732894,137.50657275119391,0.0033930180925103,0.5,0.0003330091598328
3732972,47.90340484165436,0.0011924199194198,0.5,0.0007877345327704
3733628,20.25246258992364,0.0069227163744379,10.0,0.0072368313941326
3733638,263.0658351565251,0.0002675987938036,5.25,0.0002138324236902
3734418,22.724624522428083,0.0047221726785689,5.25,0.0049508482482599
3734501,389.2570129585732,0.0004839595747519,10.0,0.0003818237100311
3734868,20.658130498075764,0.0109146523951863,0.5,0.0046107657886877
3735629,27.984657781120777,0.1923826196429476,0.5,0.058475126838547
3735634,382.3825800202558,0.0197084241998442,0.5,0.0013682736499538
3742855,38.381573684456285,0.0161787802183503,0.5,0.0038422423420279
3745559,25.52664097007873,0.0016188477038237,2.9000000000000004,0.0031642274225652
3745690,45.653009688397695,0.0001129889508028,5.25,0.0002639339655265
3747262,296.6184041212597,0.0007542781605655,0.5,0.0001522096890251
3747817,33.94198206719279,0.0050656987364134,7.65,0.0061554200943989
3748855,168.61553189555323,0.0003415439309301,2.9000000000000004,0.0003403170899535
3749134,267.72282458366686,0.0016778240715787,0.5,0.0004240652229457
3749365,36.52938683031974,0.0043571021668751,5.25,0.0059454806181376
3749508,56.500989434946646,0.0023136704577311,0.5,0.0015213075772847
3749978,23.434790652101537,0.0001848938094213,10.0,0.0017782899921851
3750350,333.66812119309907,0.000921277274279,0.5,0.0001844184340087
3751231,601.1216213778847,0.0010180913886628,5.25,0.0008921504260579
3752110,369.218215585296,0.0006909311082266,5.25,0.0006198941720825
3755522,635.4511618255958,0.0006606553071106,7.65,0.0002123404473106
3756264,726.8789602456997,0.00066482077193,2.9000000000000004,0.0004308556128732
3757407,26.015397816186816,0.0004112078001193,0.5,0.0003563102925513
3757588,193.70606131677235,0.0159450693935138,10.0,0.0083996359046051
3757590,262.3670245248938,0.3626005851822344,0.5,0.009303990086834
3757778,36.51683171654894,0.0351417050887672,0.5,0.0064800626501546
3758499,560.1308977350429,0.0005234650118687,2.9000000000000004,0.0002458771001535
3758922,336.4031948275457,0.000375784193437,5.25,0.0003942035434962
3761319,644.1886995280347,0.0077368070871687,7.65,0.0015510122575579
3762468,45.0655773188875,0.0072216514401691,0.5,0.0043113660499897
3762750,396.4774286043608,0.0028952745277006,2.9000000000000004,0.0015292946252475
3764714,26.53959553943468,0.0007102047282728,0.5,0.0004427310469399
3764879,21.57521136174082,5.577082006941326e-05,7.65,0.0002656550106397
3765692,496.8745855730168,0.0036179669174857,5.25,0.001712450656296
3765771,239.3471786114029,0.0015350278630155,0.5,0.0003855949667649
3765917,728.8702246724083,0.0011392485034991,5.25,0.0006579317319918
3766353,26.668531330270557,0.0041947718173892,0.5,0.0024663101887662
3830820,404.8965073160253,0.0505838134412021,0.5,0.0031318483355704
3831053,605.9711656619476,0.0009927907857448,2.9000000000000004,0.0002058369698971
3831523,27.58380443912427,0.0001388081327438,0.5,0.0001584948087073
3831911,20.197067546633704,0.0198241710026328,0.5,0.0180634510858497
3832474,32.376377321915626,0.0033766307388727,7.65,0.005385078218881
3832716,129.04419462594967,0.2212367708250021,0.5,0.0744729803994646
3833007,32.432118109539395,0.0004209967556159,0.5,0.0002619230824564
3834317,21.883304565369727,0.0002048024929277,0.5,0.0001398916872264
3834322,648.4268358777896,0.0052521917878917,10.0,0.0016754731655169
3834360,658.8844727617428,0.0036492621164679,5.25,0.0017976514824899
3834364,235.55561746946051,0.0593579806644138,0.5,0.0118527925092114
3835670,27.26097034744376,0.0001864806754758,10.0,0.000752408470765
3836375,369.47912510787575,0.0036716289398172,0.5,0.0009106646476153
3836399,395.7864149356507,0.0057838651803526,0.5,0.0006940992292731
3836413,459.041315927326,0.0893942834533382,0.5,0.0108155644620157
3836439,104.75318882031372,0.0515359892809218,0.5,0.0147295346988156
3836450,668.4806689803365,0.0016552234098238,7.65,0.0005882795744794
3836453,284.45565611784195,0.0038468872739843,2.9000000000000004,0.0017909438172606
3836509,43.14264183239462,0.0005991845091183,0.5,0.0005075785301075
3836522,20.28952088050434,7.478329273940653e-05,10.0,0.000374274179214
3836558,21.46674147886244,0.0039570440583329,7.65,0.0071535297545229
3838004,25.65859336209754,0.0008753749479711,0.5,0.0007656136034728
3838486,126.16041571933756,0.0070101758743743,0.5,0.000822579887316
3838496,71.75868559148981,0.2515076849221926,0.5,0.0506767096798082
3839294,727.433797046007,0.0005810798892673,5.25,0.0003905753946904
3839488,273.92479701666144,0.0003294030979704,10.0,0.0005666885930752
3846515,30.10771012750172,0.0002849543135677,2.9000000000000004,0.0002662271193706
3847138,723.9348434257798,0.0011866973264808,5.25,0.0004116449218183
3847708,25.46640112576145,0.0002692805191145,10.0,0.0006818985864474
3847907,30.67322454351216,0.0013399509329616,0.5,0.0014910126034459
3848083,37.309706146956586,0.0007772629217405,0.5,0.0007458908178914
3848275,25.24722394988446,0.0005375467759105,0.5,0.0006585761882622
3848665,515.0044858165757,0.0086367580242371,10.0,0.0039058487635515
3848919,103.63260370218651,0.2377863306570442,0.5,0.1078052405160201
3848948,139.71680075586397,0.001258305772865,0.5,8.464527541017847e-05
3848966,55.5716225172991,0.0004143209056711,0.5,0.000343475468551
3848972,21.637916382137472,0.0005180504885859,10.0,0.0009647754619538
3849155,611.1645065838327,0.000851861654712,5.25,0.0009212243010334
3849187,27.715216743720365,0.0036513214165976,7.65,0.0070851442618121
3851130,20.13956254909708,0.0029730285683479,5.25,0.0045130502647268
3851134,21.80026629511808,0.000256671723647,0.5,0.0003595537638846
3851193,91.797503618976,0.0202686273930002,10.0,0.0284056273405733
3851194,439.55618826175873,0.0015683349792823,7.65,0.0004284524508188
3851949,54.78563844574277,0.0063889112737301,0.5,0.0011398655942471
3852258,21.07060786605156,0.0001784180829748,10.0,0.0009115499234223
3852476,178.89482065398656,0.0024388300009622,0.5,0.0002198023382132
3852655,22.782304916088314,0.0001346449990514,10.0,0.0003323916381403
3852872,32.09797881282123,0.0027180470693817,7.65,0.0035730235214023
3853673,504.1796335361116,0.0042557505493199,5.25,0.0023598812700883
3854101,53.65604383783992,0.0002993217835816,10.0,0.0006892506686578
3854496,23.657680105497324,0.0014127659539468,2.9000000000000004,0.0022362542155102
3857860,498.4041175590929,0.0002553986186642,5.25,0.0001419169588115
3858704,423.8564067803919,0.0002389850127492,2.9000000000000004,0.000146560333025
3858804,585.573420992126,0.0041497546064328,5.25,0.001608838318319
3858824,25.94972481844207,0.0015673140781813,0.5,0.0006708079741858
3858851,25.95272573866393,0.0034232122481212,0.5,0.0010200555048985
3858879,25.95035737465608,0.0019486848671318,0.5,0.0006816278464457
3858884,25.95372044050361,0.2488500355015088,0.5,0.0553574273387544
3858917,25.951622588343085,0.002547975856691,0.5,0.001063692750035
3858919,311.77949621733285,0.0020461206077979,0.5,0.0009981383297848
3858943,200.07695483898635,0.000435790614248,2.9000000000000004,0.0003256544405378
3858949,25.951306273110315,0.0008137028225593,0.5,0.0004609324706438
3858988,360.98527016111854,0.0099226607711962,10.0,0.0018964740945929
3859042,38.85256441074653,0.0003782507658954,2.9000000000000004,0.0008584242515836
3859079,34.35886487692728,0.0010975791574699,10.0,0.0038935882732046
3859151,720.3616967519358,0.000636409456928,5.25,0.0004562332103803
3859363,357.56013677331737,0.0031202758358754,2.9000000000000004,0.000736964773875
3859628,156.13253110781363,0.0006289538052646,2.9000000000000004,0.0006323489357413
3859890,29.484484905298128,0.0001023768186732,5.25,0.0002745740026625
3860441,161.7753647038749,0.0013369517481442,0.5,0.000591221817453
3861595,362.487000756198,0.0009858842041415,7.65,0.000646837651574
3861611,594.6354230339523,0.0031132159806077,2.9000000000000004,0.0012138831096372
3862246,21.12995952063833,0.0016161797751753,2.9000000000000004,0.0024978516618866
3865567,377.9671395246993,0.0074468238410352,0.5,0.000822484481518
3865595,550.8562712776376,0.0077863192225515,10.0,0.0049164116411788
3866536,22.949480164023147,0.0003214638675248,5.25,0.0004460377479351
3867593,73.3246681971625,0.0539622045901767,0.5,0.0089947579860599
3867615,31.8969292267258,5.3982919131467136e-05,10.0,0.0002004433767002
3867794,21.329944283177937,0.0001884531026258,10.0,0.0008112666871896
3869014,28.90665373528629,0.0001227900778035,5.25,0.0003814141698787
3869326,336.9417538238191,0.001102193500609,0.5,0.0004594601097938
3869825,24.004208836524903,0.0083135032074926,0.5,0.0045064580724328
3934657,505.5235998246845,0.0005348808468073,7.65,0.0002834020694847
3935914,183.35845487523684,0.0121574184200654,0.5,0.0027598416802993
3937519,64.84564299713911,0.0022160635688158,0.5,0.0010863215337199
3937814,619.8224142077561,0.0015439850972271,10.0,0.0006182552023656
3938073,31.02140488757968,0.0394764557959701,0.5,0.006803593272233
3939150,118.37171259590257,0.0012587175735804,0.5,0.0006958163455346
3940418,26.36033614558627,0.0005495731821789,5.25,0.0009583242233973
3942446,34.62823936896327,0.0001225786349635,7.65,0.0004883496562667
3942670,24.35658823768753,0.0004562149508665,0.5,0.0007453500832564
3945802,239.7950506716364,0.0007084741509835,2.9000000000000004,0.000466264310982
3946023,20.37902752486006,2.4649492985760857e-05,10.0,0.0001208399175212
3952651,23.90988818301448,0.0001147754151145,10.0,0.0004276795486854
3953106,29.825532441498787,0.022195629746111,7.65,0.0221105821944281
3953173,280.3280942632365,0.0008231934260605,5.25,0.0005217704694672
3954211,348.50994821297115,0.0239182159866102,0.5,0.0049264090743171
3955817,358.4609309892357,0.0006239776361189,2.9000000000000004,0.0004270522193405
3955867,33.26332967538353,0.0983498332812705,10.0,0.0551596502129372
3957082,649.6454445864322,0.0006541611532273,7.65,0.0002266121785684
3958301,23.382668327442552,0.0001556486653515,10.0,0.000761458777475
3962243,104.14944928578755,0.0022310769458363,2.9000000000000004,0.0028058131856408
3962357,30.740494646723604,0.0001411832513708,2.9000000000000004,0.0003314365163101
3962684,555.1649144106427,0.0003663746969049,10.0,0.0003138536629534
3962728,69.79647224171731,0.0012974974198333,0.5,0.0007886109036669
3962872,83.19549334385056,0.0001159688283761,7.65,0.0002674766955967
3964109,26.92026226127369,0.000125452686169,10.0,0.0005189184552279
3964545,129.5479060366473,0.1319126168994291,0.5,0.0307812184323382
3964562,48.10811210954951,0.0008496021645665,10.0,0.0008893883233924
3966262,242.8829195269932,0.0068995215618403,2.9000000000000004,0.0053060024124137
3966801,42.304139005216655,0.0001154548485293,10.0,0.0004380763538393
3966912,55.65516207801805,0.0026369733170394,0.5,0.0018111748606756
3967326,28.750563454428207,0.0057035310101119,2.9000000000000004,0.0066338208046137
3967501,85.54454844955805,0.0320411631097218,10.0,0.0231551369516198
3967760,242.62286306375304,0.006676476496902,5.25,0.0044715515640203
3969687,29.69322924079474,8.353048823501483e-05,7.65,0.0001738063613234
3970117,110.28071108240914,0.1474161293205312,0.5,0.0102185674283416
3970233,24.76503578198787,0.0108679769525754,0.5,0.0045664047529475
3971315,365.8860698792132,0.005356741403598,0.5,0.0005195023745248
3972432,21.262899245879797,0.0014732644798174,5.25,0.0028076927886921
3973002,25.90363155816123,0.0250228794738912,0.5,0.0133581667509495
3973504,21.59584285120332,0.0186820554710166,0.5,0.0087084435168125
3973549,656.0991345795991,0.001116161280236,2.9000000000000004,0.0004626160253049
4035640,37.03345147172187,0.0057438500111168,7.65,0.0066099335225933
4035667,231.3665603789403,0.0001973996022156,10.0,0.0007838836568765
4035675,711.0197225373643,0.1587273442485339,5.25,0.0312059847630751
4037163,47.07808498678558,0.0496593942679824,2.9000000000000004,0.0466914702707447
4037164,423.25207943360914,0.0026899776666558,7.65,0.0014365118684783
4037428,205.38925821923857,0.0035571857747773,10.0,0.005085268986092
4042026,34.818675824122074,0.0133218900250546,0.5,0.0027176174595412
4043190,24.44055537187549,0.0001739874816391,10.0,0.0005309821684093
4043443,119.93269732289656,0.005327998526127,0.5,0.0005084865758906
4044005,692.9136614013562,0.0020521934465871,5.25,0.0010434513174885
4047631,26.624735943704263,0.0018203400410437,10.0,0.0020730411251831
4048898,438.8310427086511,0.0005319554290921,2.9000000000000004,0.0001998942049186
4049108,22.913152904012104,7.962104250933582e-05,10.0,0.0003657938658025
4049124,62.461531542715335,0.0692738907967354,0.5,0.0162258954585985
4049131,23.45044706471975,0.0066103726117794,10.0,0.0058815620190339
4049901,691.4007731008542,0.0006171269032988,10.0,0.0001859061603249
4054784,356.9579297114672,0.0005323551997178,5.25,0.000316380019081
4055092,229.39162527311407,0.0060869102376808,0.5,0.0007146773544701
4055304,35.89560846421912,0.0075952833562465,7.65,0.0101600626611737
4055765,718.7123363417151,0.0021078565078565,2.9000000000000004,0.0006713644615814
4055774,215.61087800553648,0.0005809188148381,5.25,0.0006323212398002
4056579,34.84491731782213,0.0001732528647848,2.9000000000000004,0.0003658217679366
4056616,29.923520822716792,0.0019638749321246,5.25,0.0023609854472428
4058169,282.45284327128803,0.028166196527848,0.5,0.0009017364750999
4058881,578.100836174717,0.0010840182235991,5.25,0.0005976533957536
4059887,20.392316378616275,6.499340935214041e-05,10.0,0.0002254852523538
4060229,229.86235933189263,0.0003900188713804,5.25,0.0003649289330618
4061149,38.6020424443746,0.0016715750727481,2.9000000000000004,0.0042213503685073
4067110,21.12190349178657,0.0002450406208433,0.5,0.0002767975836602
4067336,22.1058875958272,0.0002770673678383,2.9000000000000004,0.0007510444152113
4067549,123.12816000701264,0.0342416114581396,0.5,0.0049839350814138
4067925,385.3524593048165,0.0016575041447156,2.9000000000000004,0.0009787117274327
4069213,25.96846163820621,0.0180153599444511,0.5,0.0075937923454764
4070376,34.32724759517217,0.0086486870810198,0.5,0.0054837264397808
4072271,24.493560443538623,0.0001319840045064,0.5,0.0001540743745434
4072333,675.9921724141534,0.0015255100161017,2.9000000000000004,0.0007045425115071
4072526,21.911933101805367,0.0003071813665512,10.0,0.0011866112488224
4072955,177.382570352278,0.000279084903967,5.25,0.0004461608722238
4073017,584.5032998156045,0.003055593310636,5.25,0.0007370545268153
4073089,58.87801363990331,0.1431063352744685,0.5,0.0195001185137211
4073707,21.986116064310064,0.0906452210351304,0.5,0.0396413107536841
4073730,150.81015113491074,0.0031751953551352,0.5,0.000463226973436
4074294,543.6070209637087,0.0004108052492923,2.9000000000000004,0.0001830285678385
4074736,485.9781312598738,0.004863287356538,0.5,0.0008788130977177
4075015,21.86322001728169,0.0001190584746558,10.0,0.0006091693451632
4075064,368.8013759458499,0.2199787718445403,0.5,0.0126616649943237
4075067,537.9231116001388,0.0069329992738533,5.25,0.0020588345020313
4076098,23.942817049723438,0.0021914440564965,0.5,0.0010477770599611
4076952,24.404255231442864,0.1380244685182343,0.5,0.0437371879950536
4076976,343.2086393333433,0.0032690573155269,2.9000000000000004,0.0004082794172816
4077252,23.8557738864381,0.0013350664298142,0.5,0.0007805896194936
4077526,32.5219972386298,0.0003795789565031,7.65,0.0014055363722625
4077901,46.48332563105664,4.762678780180272e-05,10.0,0.0001541200884899
4078157,208.2816684274072,0.020464048275344,0.5,0.0020548248646911
4078311,20.75599406441249,0.0001539558474094,7.65,0.00065295595685
4078693,25.22455703905997,0.0007338004852227,7.65,0.0015500437031493
4079530,35.44597975514951,0.0471270675402016,0.5,0.0118418919048338
4079535,469.64247767697447,0.025318682196983,0.5,0.0014329851902532
4135665,566.7649850639074,0.0007391323019556,10.0,0.0004157128279705
4135912,250.73235309270183,0.0008969286528975,0.5,0.0003017940444428
4136466,351.8942931662483,0.0002196529698123,5.25,0.0005685345513331
4136659,23.338843448917736,0.0002735543048926,5.25,0.0003771112751904
4138008,20.666897506648795,0.0001092206164851,10.0,0.0004370059725494
4138557,22.761768069684035,0.0012261918513267,0.5,0.0012786034420021
4138951,41.872722999550525,7.740258816504092e-05,10.0,0.0002933046103876
4139816,82.34670027715542,0.0052722222759127,0.5,0.0035669916309527
4140813,20.029261963962373,0.0014756187471954,10.0,0.0031741323711809
4141376,513.9096151085647,0.0053334196939197,5.25,0.0007690198998924
4141587,591.730462627577,0.0021407308164859,2.9000000000000004,0.0008319199330984
4141593,21.92809638656224,4.5957810871569225e-05,10.0,0.0002039558160453
4142768,195.8974829387366,0.0192705054296509,0.5,0.0041135757190442
4142847,23.67811493948204,0.0016736710757841,10.0,0.0029336576602078
4143755,712.8093233661726,0.0012760297143228,10.0,0.0004793070217392
4144231,214.0482604197394,0.0316412782474447,0.5,0.0009505277893019
4144236,22.90639109132523,0.0690555771790821,0.5,0.0167617959465457
4144238,64.1312116874682,0.0029795860515906,0.5,0.0020578122673643
4144576,26.73534218966005,0.0056334384653788,10.0,0.0062132987993729
4144873,234.1844413947869,0.0006505487708678,7.65,0.0005987763450089
4147444,21.185823830112145,0.0010225787835846,2.9000000000000004,0.0028891692429648
4149450,582.6484925891414,0.0021396744001965,2.9000000000000004,0.0002119144807108
4149684,112.34807743684804,0.0562628555377592,0.5,0.0104124050856735
4150390,110.4600980307004,0.0169413627473127,0.5,0.0014769771042718
4150496,139.8122615975155,0.0010423232609965,0.5,0.0005014010395658
4150539,35.39710101009692,0.0008409761607978,7.65,0.001113347676248
4150611,188.54145257181844,0.0457378179041579,0.5,0.0096893387076263
4150624,266.6321684371365,0.0003466030878107,10.0,0.000513231475264
4150701,60.1451689989526,0.0007099310206303,5.25,0.0010512475802636
4150703,24.44891901447759,0.0007328589689683,7.65,0.0013963983662355
4150804,146.0674241654994,0.0021621248838635,7.65,0.0014999426168346
4155328,379.57202467108254,0.0006404774177347,2.9000000000000004,0.0007974932355364
4157052,30.76592552974102,0.0003254507306784,10.0,0.0008165863281616
4157325,353.6656983961314,0.0047727581380131,10.0,0.0024556842793203
4157488,28.58775135197752,0.0423480688925662,0.5,0.0194768411721668
4159347,411.0587001102283,0.0018730014163508,0.5,0.0006388415874677
4160006,20.383671956431385,0.0794545440203119,0.5,0.116614190366762
4160669,69.69882311008337,0.171341539827369,10.0,0.1533349137890836
4164393,314.1112301270931,0.1288569375678833,0.5,0.0050144649524962
4164922,28.973864323136407,0.0042901889302963,2.9000000000000004,0.0053611301739351
4164994,445.08141641694846,0.008793227816361,10.0,0.0023026004045371
4165473,21.53585375324959,0.0009264385478265,7.65,0.0015499316059242
4165960,20.35200474817768,0.0001997720130643,10.0,0.0008039383101192
4169315,20.02680708597037,0.0004186310141312,10.0,0.0006775407349464
4172013,619.3590013005527,0.0026515898640047,2.9000000000000004,0.0009831124421504
4172746,38.959162257477495,0.0014140239015748,10.0,0.0016202393538481
4172805,56.197953166689445,0.0005077310974444,5.25,0.0008800099896598
4173026,23.429558453121,0.0051840724956087,2.9000000000000004,0.00749008481163
4174507,132.3551234031236,0.0100622888693881,0.5,0.0020632154116003
4175105,466.2884707672714,0.0010164167005337,5.25,0.000448423855398
4175630,27.45147676620472,0.0020234170499648,2.9000000000000004,0.0027190162397845
4178389,580.3113062899292,0.0049391496736119,10.0,0.0024621137360692
4178606,517.8130916251426,0.0012258871861024,2.9000000000000004,0.0002916962834053
4180280,524.2609032602468,0.002462809144382,7.65,0.0011722300797503
4180396,22.105304057558754,0.0038657582200103,0.5,0.0025360322060836
4180401,28.725797799412582,0.0053295652652068,2.9000000000000004,0.0057534619209836
4242147,32.94459582035201,0.0019382649867217,5.25,0.002210987650575
4242692,20.111187192241346,0.0002124579186927,10.0,0.0003728664790617
4243911,31.1639070740934,0.0024777257304994,10.0,0.0033579789348301
4245861,466.6531527813444,0.0008053115742389,5.25,0.0007331483601865
4245897,22.51738999702588,0.6090676556688422,0.5,0.1518288097383587
4245933,25.79104255308117,0.0035002674170419,10.0,0.0042230935172366
4247092,698.5394883127082,0.0023679341011144,5.25,0.0011955588576255
4247791,20.50439446150288,0.0433055371882464,0.5,0.0279756806520766
4247807,22.54882337177566,0.0044097842513554,0.5,0.0026604742729457
4247811,412.0415966907859,0.002736028159016,2.9000000000000004,0.0007863976222649
4247991,39.15404808061365,0.0049098232427861,7.65,0.0053224515281397
4248120,24.85786907028791,0.0003155136022639,2.9000000000000004,0.0006759053287048
4249611,31.015236303548257,0.0014367065546959,7.65,0.0029247486265445
4249725,714.7290715731216,0.0024087896981737,10.0,0.0017173441943809
4252226,21.856661687937358,0.0397599257933529,0.5,0.0098954351535556
4252322,530.9796816455324,0.0043217183948607,7.65,0.0015735976408528
4252671,27.68886856611037,3.13963969086571e-05,10.0,0.0001649633536175
4253860,37.646905156376526,0.000528261681914,0.5,0.0004849005765624
4254466,417.5111858220361,0.0006795387582667,2.9000000000000004,0.0003607745966165
4255422,165.4053649776196,0.0458445837589785,0.5,0.0024963473509925
4261960,373.8728274297066,0.0110451131885119,0.5,0.0022662329156375
4262040,354.25269030370964,0.0020257905216572,0.5,0.000353053062999
4262581,53.47193824977657,0.0001475203264422,2.9000000000000004,0.0002661355589499
4263293,25.97064293632444,0.011803276253128,2.9000000000000004,0.0121532612732604
4263529,31.585762774119207,0.0080662078712081,7.65,0.0090588689837313
4269252,20.333178494251737,0.0001613688154511,10.0,0.0007386351606685
4270253,477.4234900624392,0.0012825990457906,0.5,0.0013148159683262
4270565,726.7295737725395,0.0016122219043384,5.25,0.0004819215257763
4270799,29.74027761812812,0.000112199801938,10.0,0.0004655812955111
4271474,24.777053271290725,0.0068423833224868,2.9000000000000004,0.0073176769351731
4274071,456.98090143992937,0.0011596349869103,5.25,0.000638768645466
4274548,24.74194889915329,0.0015774290986434,10.0,0.0018610713336616
4275117,50.41364587055769,0.0004424061297344,0.5,0.0003471018567682
4275191,194.7335906426589,0.0077274913137677,0.5,0.0012749708055072
4275328,123.00194690318452,0.0019674411990269,0.5,0.0003828000198888
4275721,298.86321813855614,0.0009636526136868,5.25,0.0003857532553226
4275739,162.90725730256327,0.0298660297242897,0.5,0.0080252569552841
4276114,133.9860586534023,0.0521633724655477,0.5,0.0118258966966147
4276445,38.58268302108087,0.000215623965356,2.9000000000000004,0.0004758112515053
4276716,230.53731624903216,0.0010269612574467,10.0,0.0007550929080205
4277304,347.09333324933016,0.0035064912952291,5.25,0.0006774563667013
4278221,567.2994000693893,0.0058697395536935,2.9000000000000004,0.0035780582441481
4281068,20.305853352410985,0.0020336521346616,10.0,0.0049295714028957
4281895,168.5353681117423,0.0610479226916526,0.5,0.0075388523900987
4282191,376.3303252837063,0.0011742703711636,5.25,0.0003537680726042
4282390,41.18948673474335,0.0003049674691193,0.5,0.0002569145848689
4282872,20.06757828430999,0.0009901517802453,0.5,0.0007038031149432
4284147,26.2611238973388,0.0002239672094963,7.65,0.0008838036038999
4284980,453.3188836376473,0.0006912109575962,5.25,0.0006999517672124
4285087,112.1689133267803,0.1708140417786411,0.5,0.0478435331748703
4285107,476.8357937961472,0.0002715952909484,7.65,0.0002464171080259
4346178,33.16143339454314,0.0128038890925349,10.0,0.0108285673056523
4346875,262.804913770042,0.1747963390752285,0.5,0.0258118224042094
4349442,23.268357657756763,0.0072652972401192,10.0,0.010129270843453
4349452,25.439261856055552,0.0003552539822892,0.5,0.0002366207115444
4349935,558.2377154341174,0.0012449765396121,10.0,0.0006823278084486
4352168,31.932553616585967,0.158796354861391,0.5,0.040947144481376
4355503,21.957513311976484,0.0111179820446555,2.9000000000000004,0.0128024426785383
4356621,20.01447996501399,7.678569592881734e-05,10.0,0.000375240573443
4356766,377.3399048116042,0.1617400789485422,0.5,0.0200255795395831
4357985,729.3912414680365,0.001028824534808,7.65,0.000534141228265
4365442,522.9876309832844,0.000242498753229,5.25,0.0001727796282107
4365461,32.58026805719733,0.0490916342422917,0.5,0.0247410697469262
4365645,679.7837982672977,0.0039648213851263,10.0,0.0010916458829544
4366323,27.35809561219891,0.0001495219283231,7.65,0.0007383213049924
4366923,215.38905844973945,0.0018552142308316,0.5,0.0002542636223969
4367544,25.721703127579897,0.0106139032640746,5.25,0.0079827562858646
4367854,21.36031012341883,0.004414304343119,10.0,0.004941886988169
4370527,20.57669857615444,0.0010604055497854,10.0,0.0028456479035487
4371172,20.277297408523182,0.0053528439771941,2.9000000000000004,0.0069046406223892
4372410,493.3368892243531,0.0052862549413694,0.5,0.0008170277247346
4372765,31.28500301989215,0.0845417252876881,0.5,0.0254324645903504
4372768,20.21400827469372,0.0002883037175897,7.65,0.0008153993444564
4372961,34.13849381815838,8.253951226209059e-05,10.0,0.0003312675173876
4373195,406.70948301682665,0.0004799852585157,2.9000000000000004,5.700751867277746e-05
4374339,20.777548541392036,4.275895554511487e-05,7.65,0.0002124337764666
4374610,664.2720846123002,0.0006293668738236,2.9000000000000004,0.0004596491650284
4375101,61.26494771540179,0.158106769432536,0.5,0.0190284974167689
4376629,657.0093940639449,0.0004338712065723,2.9000000000000004,0.0002032077501767
4376644,350.1456944208771,0.0006720062992588,5.25,0.0007463987690226
4380283,234.41924612370505,0.2473802415397403,0.5,0.0647594208823538
4380560,515.2352432758836,0.0098906946186092,2.9000000000000004,0.0012448845350654
4381282,55.95353164032719,0.0003058823077975,5.25,0.0006247131874285
4381429,391.1765672989508,0.0008536036278121,5.25,0.0007897533119353
4384909,39.68753970569165,0.0002165960281305,10.0,0.0007334337809824
4385148,611.3531373944165,0.001874106534475,7.65,0.0010223984789852
4386047,20.30298399532384,0.0422891719835888,0.5,0.0278234240891118
4386059,230.00721362798643,0.0004016154995104,2.9000000000000004,0.0002840141210771
4386607,23.571716736574537,0.0001411682525024,10.0,0.0007530198615809
4390912,266.16233514998066,0.001708512185093,0.5,0.0005497939710453
4391348,25.54734480911945,0.0003601124972913,0.5,0.0004713348335596
4445630,22.51559254845496,0.1658109465917724,0.5,0.0800287123377356
4446411,22.50987833867236,0.0073609548146022,0.5,0.0075587478207783
4446859,209.6632520421372,0.0008668254029886,0.5,0.000199503534063
4449034,38.0939992707366,0.0002469746188912,10.0,0.000881928166651
4450844,93.63395720256244,0.0009294777213489,0.5,0.0001747237020298
4454219,16.00359675257331,0.0057134050109204,10.0,0.0183676574157305
4454752,29.715266045064173,0.0091040455271975,5.25,0.0079225978514171
4454934,26.40706836851076,8.058842566104116e-05,10.0,0.0003246386346267
4455231,453.2539353269621,0.0006659666170708,7.65,0.0004549853835449
4455763,361.18671705823095,0.0183969239846217,0.5,0.0048511003538635
4456622,21.893556151880016,0.0033857844877395,2.9000000000000004,0.0081852707388137
4458082,21.894149867699248,7.149070516884576e-05,10.0,0.000325600748512
4459068,24.95539269469225,0.0008688082255284,0.5,0.0003300001177931
4459924,406.9743269551353,0.0014303243238357,2.9000000000000004,0.0003452234185468
4466356,127.45966916756242,0.0002115439582225,2.9000000000000004,0.0002607324613507
4466677,20.72511120118112,0.0001474795773763,10.0,0.0008915096023993
4471747,23.58598204193328,8.372132616413797e-05,10.0,0.000378079364674
4472143,29.403125255602056,6.778042606029214e-05,5.25,0.0002293499835295
4472818,206.19329651707255,0.0110136358211048,2.9000000000000004,0.0055553012138537
4473226,30.971197587622008,0.0028623533073941,5.25,0.0031653352449624
4473613,20.294303765860164,0.001930871518998,5.25,0.0036089190229846
4474462,515.0796824163733,0.001332930234092,2.9000000000000004,0.0002169653902358
4474637,23.316495327254756,0.2515808708401635,0.5,0.1044282666461279
4474645,345.73090647110666,0.0066476829787897,10.0,0.0017291848018372
4476123,428.17069948464086,0.0004410376959529,10.0,0.00062261425938
4478142,347.7489457479946,0.0042575508965625,7.65,0.0011533336060507
4478168,20.02390573976064,7.5499127922703e-05,10.0,0.000443584401207
4479633,62.36230495079309,0.0001221105759705,5.25,0.0003112958229572
4480676,248.04688207265383,0.0067577935379334,0.5,0.0015299299635269
4482738,488.0788543459049,0.0004191641843966,10.0,0.000343065544126
4483138,22.31041403348668,0.0006821190085541,7.65,0.001353349506398
4483235,21.132895659431608,0.0009653656342214,0.5,0.0006995787948898
4484312,37.60813503423871,6.381875009778661e-05,5.25,0.0001647771411487
4484336,20.92026824913368,5.395068568482887e-05,10.0,0.000315370948611
4484356,312.1846823800863,0.1245170169430432,0.5,0.0342702082371206
4489844,23.968509069753043,0.0028528547456968,2.9000000000000004,0.0049544388823445
4540632,340.6364495046397,0.5142681920859644,0.5,0.0264593385137355
4544571,21.89765233783418,0.0009898016051525,0.5,0.0011350215281472
4544572,67.85256482079627,0.0013653441821975,0.5,0.0008094971880878
4544620,596.9084169822481,0.0018367618600764,2.9000000000000004,0.0007693761284999
4544623,21.024461837193662,0.013599480437064,0.5,0.012711583919185
4544628,32.874150300912724,0.0001488734858361,0.5,0.0001494061736098
4544670,441.2055582155552,0.0014569316401168,5.25,0.0007851257867631
4544684,106.5603327442124,0.0002419961036078,5.25,0.0004650668529321
4544907,27.4949481184262,7.002686102370402e-05,10.0,0.0003342928998843
4545187,33.63066264690975,0.00053762860772,2.9000000000000004,0.0015092329041853
4545570,475.6615608845279,0.0010740962721566,5.25,0.0006727753312528
4545926,25.437668938077,6.237175261072887e-05,10.0,0.0002257038226802
4547480,212.46324552614175,0.0035629707387369,0.5,0.001543883670487
4547603,21.34396398745164,6.62775658730726e-05,10.0,0.0003195821217166
4548011,593.1918702157277,0.0007431797994812,2.9000000000000004,0.000131741920994
4548098,601.5353544604651,0.0006181475352981,2.9000000000000004,0.0002382690750621
4551328,21.042737094767023,0.0002632321752625,10.0,0.0009172016214999
4551663,697.0273741822068,0.0007060009435326,2.9000000000000004,0.0002688741612868
4552729,21.85621282486816,0.0056163925019333,10.0,0.0064655870861106
4556468,170.7216553199592,0.0008346921499748,0.5,0.0003624539123941
4557341,463.7340308070424,0.0032034479381187,10.0,0.0015688274205588
4563268,179.10977026605772,0.0002502312671447,5.25,0.0004317383214924
4565985,31.465702200911327,0.0087975844791687,7.65,0.0135061454151638
4566848,370.56842147933605,0.0042066718699655,0.5,0.0006878101118316
4566999,262.2370332213691,0.000503875843913,2.9000000000000004,0.0003764118653904
4568117,21.063098046455806,3.564577658192934e-05,10.0,0.0002105284866482
4568298,583.0589778340911,0.0011716002295869,2.9000000000000004,0.0006566333195543
4569590,40.992334801287264,0.1078843195302974,10.0,0.065852360173598
4569942,60.26809939427722,0.0001468589444527,10.0,0.0004475766602467
4570555,49.78538945214594,0.0001233254726583,10.0,0.0003577478212553
4570931,521.4493494848884,0.0001868859585296,10.0,0.0001864881617135
4570949,582.1824107488355,0.001811228740578,10.0,0.0008332374174528
4571536,28.179569864949823,0.000234297439558,5.25,0.0006694198801332
4571844,60.41765254055286,0.0004048536636312,5.25,0.0006952504586419
4572728,20.557165500057742,3.3466395697357145e-05,10.0,0.0001390900632435
4574310,156.58235231883063,0.4006001668902151,0.5,0.110619824271287
4574319,363.6365016840772,0.0019354339696461,5.25,0.0010458921161824
4578594,252.12398735465985,0.071779599242209,0.5,0.0056616565625857
4579313,310.4096297698502,0.0028954118046053,0.5,0.0004959097786761
4579321,184.83574430359425,0.4366770407915389,0.5,0.0567355511580803
4579598,24.122374064062356,0.0005690106411227,2.9000000000000004,0.0010305019495711
4586482,311.40758315499926,0.1617438482070582,0.5,0.0075107881502596
4587135,32.16091157103848,0.0001645969966148,10.0,0.0006349811067937
4587448,20.10736393443138,0.0097744831870141,0.5,0.0067187928742555
4633434,267.22182524165873,0.1221354247959681,0.5,0.0102032647454544
4633570,25.701645766031028,0.0005453471435572,10.0,0.0017090520815716
4634135,479.18877427017264,0.02139281541685,0.5,0.0012454742334772
4636565,375.490740150756,0.0002435277525241,7.65,0.0001414711668058
4636578,34.00532525124106,0.0002721169117897,10.0,0.0009391339843482
4638237,33.16082218541219,6.114175760821662e-05,5.25,0.0002006601574658
4639868,398.00651428116817,0.015078620324265,0.5,0.0005583134210206
4644604,145.91969849698162,0.0005887535162973,0.5,0.0004948366335249
4644952,27.43746615109993,0.0069168132245703,5.25,0.0075237644762398
4645174,20.780000360019105,6.0887186269100826e-05,10.0,0.0004538010073696
4645492,550.9056991423114,0.0005795511148971,5.25,0.0002893289478472
4645833,22.275806108352,0.0001164728981402,10.0,0.0011648484960963
4647662,20.425765279890552,7.439742474719353e-05,10.0,0.0005085116702439
4649305,22.63591052753476,0.000247962577454,10.0,0.0008378163808588
4649440,391.660792870653,0.01227948473666,10.0,0.003549241965379
4650674,343.9162118785695,0.0005910351018038,2.9000000000000004,0.000384747011045
4650733,20.2276855611708,9.719616551399445e-05,7.65,0.0005030360835894
4651399,59.00078500613714,0.0002729601408472,7.65,0.0008396163516373
4656049,133.747322714675,0.0005594365781765,0.5,0.0005749374003772
4659255,197.9993820142734,0.0647582370775131,0.5,0.0047575695707046
4659405,580.3573190158402,0.0011026612737404,5.25,0.0003446181504539
4661634,73.89590434412688,0.1434544642884159,0.5,0.013678896817702
4663185,594.4368241990263,0.0033095540775749,5.25,0.0007313182593455
4663658,449.84515375402265,0.0003693923591879,0.5,6.00317895979449e-05
4664046,22.087387225053497,0.001731361149998,5.25,0.0026444669576849
4664743,30.23733812902572,3.7982374520324045e-05,10.0,0.0001381806502386
4664847,178.2245300135147,0.0029821740304837,0.5,0.0006507641809044
4665571,426.92343588298513,0.0013285587111172,7.65,0.0008189362239409
4665989,175.36741866938186,0.2211873143423231,0.5,0.0662719090487775
4665991,414.01561254788817,0.0013650444187247,5.25,0.0005669309426519
4666008,357.5932740435244,0.0017050093233672,5.25,0.0004118084469353
4669402,25.482006365378204,0.0003278026273159,5.25,0.0004886697351256
4670217,31.39634285966252,0.0001930741874514,7.65,0.0006300667879325
4670267,28.086623015703115,0.0953955030557488,0.5,0.0699339836729022
4670361,660.0645958563617,0.0004315251238093,5.25,0.0003234967258599
4671584,27.971499855542117,0.0012895950261714,0.5,0.0004608522414943
4673628,52.44585480230345,0.0001031738716912,10.0,0.000494435267591
4676964,89.90083869536846,0.0002201681243132,7.65,0.0004391346434074
4677282,24.56804713925112,0.0002648881496675,0.5,0.0003099530222521
4678171,229.32306437105967,0.5056168091102105,0.5,0.0449360973114638
4678873,20.667435013448888,0.0304598957752083,0.5,0.0228604195934101
4678875,20.667877903182823,0.2694587385519128,0.5,0.1870328222088959
4678919,68.09063138703175,0.0038105418125991,0.5,0.0024797626318773
4679314,38.2854610699104,5.81857301464282e-05,10.0,0.0002339797930563
4679687,170.33480053925757,0.0024656985382409,0.5,0.0008416760284345
4680772,672.3644935609362,0.0001263592664545,7.65,7.798404869338794e-05
4681152,22.02975608315658,0.0115565308324913,0.5,0.007145295961505
4725292,20.78800657370699,0.0321073209098573,0.5,0.0278377580161588
4725681,31.48104368674202,0.0023185237042118,10.0,0.0051420041931973
4729553,98.37509715532106,0.2083451288468627,0.5,0.0869069249487727
4730442,366.0576270388575,0.000176925689403,5.25,0.0001690315466955
4732015,123.9171703540553,0.0102428755107751,0.5,0.0039580738485469
4735826,634.5163941925451,0.0009050657357743,5.25,0.0001745434408275
4736208,63.68747568031715,0.2174006684702126,0.5,0.026364179521312
4736569,20.421040028233733,0.0118891804277024,10.0,0.0100531948077285
4736644,609.6828675963617,0.0005963737605495,7.65,0.0004293428533072
4737267,28.57348091729615,0.1923919058486805,0.5,0.0613756432234217
4737302,28.36594955016645,0.0537078423141329,0.5,0.0148237045022619
4738095,31.14506939252806,4.995496035402136e-05,10.0,0.0001665960998434
4739194,98.47482382193084,0.2540068272711228,0.5,0.0941529466710796
4739565,282.52165956591136,0.0008976014533884,0.5,0.0002106507705898
4740676,79.43644298483025,0.066647771570612,0.5,0.0158082646201047
4740688,34.10378962068712,0.0029296131339483,5.25,0.0032290987458935
4741126,24.136060302582816,0.0001201088358962,10.0,0.0007832285588171
4742188,395.88563609443656,0.0004180980790616,5.25,0.000362795954772
4742414,30.91668605786169,0.0026165932307024,0.5,0.000698858529326
4742420,27.024446508131696,9.353806984794204e-05,10.0,0.0005097504637151
4742452,472.2447005072991,0.0003998613274158,5.25,0.0003784268602624
4743508,225.3160383217661,0.0566773607734789,0.5,0.0134325933305704
4743513,22.288477411984395,0.0018125644440158,10.0,0.0024460595118792
4750341,42.75449436905755,0.0001876144225733,2.9000000000000004,0.0004113636017954
4750669,20.402416006082884,0.0022899900443758,10.0,0.0032298844301545
4751083,40.79399097744927,0.0116698997075034,0.5,0.0058747296030197
4752451,310.47565450093924,0.0011339859362015,5.25,0.0004836751228095
4753561,641.2663845889253,0.0076506055019774,7.65,0.0023595801896229
4753988,248.4384646079172,0.1334110088372697,0.5,0.0120892485045327
4757331,25.976300122024625,0.0204031733664642,0.5,0.0120034344413506
4757437,570.3892683377447,0.000351221841577,10.0,0.0003242183560996
4758350,462.1470440865369,0.0002318176639332,5.25,0.0002673644157604
4758368,22.49747150290913,0.0151200256050052,0.5,0.0098693552811887
4760478,287.2560509337944,0.0039767188809392,0.5,0.0007579632228004
4760746,105.4747041609949,0.0098303593894557,0.5,0.0016455257722333
4761060,23.53299148897402,0.0004968667976231,0.5,0.0004487846949866
4762283,22.072761771325823,0.0140315968744829,0.5,0.0161899814170598
4763020,715.6356964693438,0.0002637352029731,2.9000000000000004,0.0001276118129654
4764774,452.3209112785123,0.005963326415373,10.0,0.0013375811688342
4768756,21.62829153194463,5.61070657490884e-05,5.25,0.0001720921718787
4768846,21.26791868205404,0.0010016124299609,2.9000000000000004,0.002117186724835
4769799,21.92754473999585,0.0134584899282057,0.5,0.0026649392444394
4769824,380.4588386042651,0.0012689564007324,2.9000000000000004,0.0006108771063742
4769931,21.60765215259786,0.008424981877817,2.9000000000000004,0.0112480970489275
4770174,376.32200929695705,0.0003888245649075,2.9000000000000004,0.0002458952637447
4770365,26.756383442913624,0.003218925115861,10.0,0.0040356077879797
4770617,21.1101369787784,9.724841578700552e-05,10.0,0.0004291225698516
4772095,590.4299060874289,0.0005974573214566,10.0,0.0005847103150215
4773155,25.706715116370788,0.1824977852305243,0.5,0.0362460232734811
4773392,26.870010679990624,0.0001210423523042,2.9000000000000004,0.0002863424317291
4774646,534.1265153067087,0.0003069133182236,7.65,0.0002183963835555
4813563,510.9138720744919,0.0059665738820386,10.0,0.001655488196886
4813750,20.747982677906805,0.0001448981807389,10.0,0.0013704653050172
4813793,24.41198459032464,4.486853316249552e-05,10.0,0.0001407200012976
4814502,49.0420288555824,0.0039377067781987,2.9000000000000004,0.0052847378473275
4815520,293.3460074202697,0.0012044131012384,7.65,0.0005175559954675
4815612,21.19115340602296,0.0290541086409716,0.5,0.0324048246486666
4820550,29.321107106275218,0.0015478201418485,7.65,0.0030736396146152
4824268,152.14892178524482,0.1231295131122651,0.5,0.0089131792349634
4826110,26.699709608819195,9.283872680761028e-05,10.0,0.0004315717596611
4826439,35.88311670543753,0.2311144313413421,0.5,0.1143528252597559
4827723,22.068855979061752,0.0020256963285997,10.0,0.0033667480305679
4828341,252.97152775856517,0.0031658639148647,0.5,0.0008823766019689
4829935,20.417340696048587,0.0001561541926116,5.25,0.0004135891354151
4830605,47.92741424246248,0.0007567953444363,0.5,0.0006752518279469
4831728,563.5960577268916,0.0022949847614965,2.9000000000000004,0.0004213271702173
4832175,31.87016832125908,0.0025557957048971,7.65,0.0030110365682455
4832197,20.01212902310756,0.0054959329491515,0.5,0.0055007303553017
4832225,20.85759171308177,0.0002973278164152,0.5,0.000396159063767
4832837,28.7731241106314,0.0024197957656314,10.0,0.0030678938647184
4833421,588.3712820017392,0.0019959453279926,5.25,0.0015006483945794
4839180,35.40826780708252,0.1238926530604001,0.5,0.0371169749837522
4840156,210.40163762767764,0.000306275680465,2.9000000000000004,0.0002529771749877
4840263,118.77727011658118,0.105745761567003,0.5,0.0270326458636653
4840327,26.739930742587497,0.0184961631009651,0.5,0.0035499852875599
4840513,35.68787338630801,0.0210072872492894,0.5,0.009449338051683
4840672,27.113716047764,0.0017469241773723,5.25,0.0016622548554812
4840818,130.66476279211258,0.033982065334397,0.5,0.0053806462637305
4841374,171.18570694427382,0.001117845835115,0.5,0.0006728167532553
4843592,22.65681811046858,8.763233999688819e-05,10.0,0.0004765569423195
4844004,707.1796398030699,0.0011024168063407,5.25,0.0005721112092702
4844367,20.43374120899465,0.0044705481186522,5.25,0.0072436017079909
4844470,25.92816423536488,0.0027105960901092,2.9000000000000004,0.0042050799173841
4845862,22.2842791019272,0.0064635679355833,10.0,0.006031890036521
4846856,22.872163373153697,0.0015005001724874,5.25,0.0023350739110839
4847534,26.941938333495592,5.965074417017595e-05,10.0,0.0002485084221528
4847782,33.21651974846844,0.0001074904922444,7.65,0.0004096219787697
4847801,177.0515842595751,0.002632394665266,0.5,0.0003012650762896
4847832,30.961245022983864,0.2093934595968616,0.5,0.0359846236239753
4847843,34.57431316586589,0.0052663274604149,5.25,0.0078330839747681
4848115,22.24935191794393,0.0042666088597479,2.9000000000000004,0.0063439733926204
4848321,26.060548837428385,0.0001124151138088,5.25,0.000399147401779
4848423,25.52940715530652,0.1309767358225031,0.5,0.0903764549401403
4848424,486.8023084573172,0.0005328858849703,5.25,0.0003297952813971
4850961,120.06611733635948,0.0014282800755049,0.5,0.0004700790406764
4851145,367.7500517900533,0.0008416159555694,5.25,0.0006704866891181
4851217,20.998713636937605,0.0596443412103794,0.5,0.0547080271377996
4851239,26.335786711237045,0.0009374090275539,7.65,0.0014561944304885
4851283,31.29334632157541,0.0001929684558076,7.65,0.0006891496483556
4851338,21.03975747663381,8.222164893910712e-05,10.0,0.0004130115207723
4851356,28.117594062860466,0.0004472104601895,5.25,0.0007664675264175
4851464,27.739700271694417,0.023025604923506,0.5,0.0071715319101782
4851530,33.27729447756044,0.0058234118059565,5.25,0.0086343952657155
4852297,20.183812071562556,8.366245462442925e-05,10.0,0.000369793197455
4852528,25.721035215771025,0.0024416440752013,5.25,0.0033528875522091
4857058,665.9909474008517,0.0023731853085607,7.65,0.0009238123228524
4857213,21.59055573020079,0.0014034013341718,10.0,0.0026558160100599
4858610,20.843661651767626,0.0001659201841114,10.0,0.0010586218599916
4860678,29.119030201227652,9.832617608041828e-05,10.0,0.0004356279368638
4860932,37.49203939018388,9.49907094788961e-05,10.0,0.0003364138773052
4861527,537.4985444322487,0.0019487076459419,5.25,0.0004319907169918
4861736,25.10604797032821,0.0023567804709844,0.5,0.000932826267138
4861784,23.280066719862887,0.0050367988113368,2.9000000000000004,0.0073403202389475
4861791,23.720990239936068,0.0001581992370631,10.0,0.0013097434842506
4862332,149.14349930566254,0.0005944932303017,2.9000000000000004,0.0006654938165333
4862625,20.00488381830126,0.0036944165437778,0.5,0.0013267480546285
4863260,24.008181011981176,0.004741760053083,0.5,0.0053216647252924
4863369,487.5705281030006,0.0020610481072815,5.25,0.0008730883943896
4863753,60.89642951918898,0.0045544117145822,10.0,0.0044403262789223
4864734,36.73039643143901,0.0001043209365818,7.65,0.0002488949640871
4902030,163.3989190197081,0.4514759170252632,0.5,0.0897720421284057
4902202,50.36001929836339,0.0002299986793159,10.0,0.0007239667779709
4908495,71.76809676326599,0.1479736075118757,0.5,0.0529316152685303
4909707,20.722866763359804,0.0292575137145385,0.5,0.0185676502660143
4912589,580.8073552813538,0.1170797821853471,0.5,0.0054657581191574
4912650,27.6150219195292,0.0002796668174679,10.0,0.0006823325173477
4912991,222.06921650275137,0.0238846764581035,0.5,0.0032722719094275
4913000,393.8344254249807,0.0017510482167457,0.5,0.000182462075404
4913852,34.199951862743966,0.0035156957367502,10.0,0.0040257714582199
4914399,43.2287444386978,0.0003971985954509,0.5,0.0003877141503412
4914423,525.1610554320031,0.0013702444881025,10.0,0.000475478249524
4914566,538.684264853911,0.000208495080017,5.25,0.000131976719647
4914709,517.5526281849089,0.0017694858752682,5.25,0.0007580919150446
4914737,20.89678965830876,0.0002048449728855,10.0,0.0006199712682938
4915638,21.36376123032169,0.0002091479017227,7.65,0.0007153446483053
4917014,42.93391842919552,0.0006342771488335,0.5,0.0006090166236252
4917596,125.0951838734879,0.0034886293456096,5.25,0.0035137940790138
4918303,647.5175946425015,0.0007847845351095,5.25,0.0005687884778992
4918309,132.86244079144583,0.0029378419050726,0.5,0.0018776019288874
4919550,24.636100792111268,0.000103980761464,7.65,0.0004932140116816
4927315,421.6111188909816,0.0003593817213974,5.25,0.0003561918303022
4927734,581.8719390632157,0.0002216493182666,2.9000000000000004,9.087255222288657e-05
4928119,280.2780153964659,0.0309347946405287,0.5,0.0010575267694802
4929299,24.19426138957372,0.0010679094473019,7.65,0.0017290819692697
4931073,26.94931344936174,0.0342502526237404,0.5,0.0069825211673422
4932348,722.2917371347941,0.0703332014108038,0.5,0.0029547271964932
4932442,65.44922562044428,0.0075283434538216,0.5,0.0008854288162807
4932689,22.45491632751361,0.0003744109426472,0.5,0.0005139615327047
4932691,36.22702491115955,0.052465223741144,0.5,0.0149818761773164
4933476,23.26551356511456,0.004148708799607,2.9000000000000004,0.0091610719703288
4935172,273.2673288458171,0.0002781211541569,10.0,0.0003115109637657
4935914,20.91037378852833,0.0096444068175242,0.5,0.0092571590090126
4936180,51.06216172864775,0.002569820534509,0.5,0.0016902359196468
4936990,20.632887096308696,0.0022696720706887,0.5,0.000993473641875
4937143,29.526700826621365,0.0076979576517547,0.5,0.0036969080908279
4939265,20.108711860119637,0.0184418946317703,2.9000000000000004,0.0214936840402463
4939346,71.3194775251338,0.0018956847338371,0.5,0.0006666813192988
4939533,503.1466562932551,0.0008503161384882,7.65,0.0007707087343137
4940201,149.86465499473172,0.0245371595223127,0.5,0.0040963418550772
4940203,20.28022603600656,5.44057970286987e-05,10.0,0.0003304973522116
4940438,36.33426400692821,0.000345892679767,5.25,0.0006835014145941
4945035,472.1052462930679,0.0012867323697726,0.5,0.0002664681270297
4945764,21.578954434200785,4.559130795698933e-05,10.0,0.0002289036829509
4945877,21.029157499466304,0.000193471899212,2.9000000000000004,0.0002430730139414
4946049,,,,
